state_province,strain_name,sequence,country,flu_season,accession,subtype,id_long,id
-N/A-,A/Uganda/MUWRP-047/2008,MDVNPTLLFLKVPAQNAXXTTFXXXGDPPYSHGTGTGYTMDTVNRTHQYSERGKWTTNTETGAPQLNPIDGPLPEDNEPSGYAQTDCVLEAMAFLEESHPGIFENSCLETMEAVQQTRVDKLTQGRQTYDWTLNRNQPAATALANTIEVFRSNGLTANESGRLIDFLKDVMESMDKEEMEITTHFQRKRRVRDNMTKKMVTQRTIGKKKQRVNKRGYLIRALTLNTMTKDAERGKLKRRAIATPGMQIRGFVYFVETLARSICEKLEQSGLPVGGNEKKAKLANVVRKMMTNSQDTELSFTITGDNTKWNENQNPRMFLAMITYITKNQPEWFRNILSIAPIMFSNKMARLGKGYMFESKRMKLRTQIPAEMLASIDLKYFNESTRKKIEKIRPLLIDGTASLSPGMMMGMFNMLSTVLGVSILNLGQKKYTKTTYWWDGLQSSDDFALIVNAPNHEGIQAGVDRFYRTCKLVGINMSKKKSYINKTGTFEFTSFFYRYGFVANFSMELPSFGVSGINESADMSIGVTVIKNNMINNDLGPATAQMALQLFIKDYRYTYRCHRGDTQIQTRRSFEIKKLWDQTQSRAGLLVSDGGPNLYNIRNLHIPEVCLKWELMDENYRGRLCNPLNPFVSHKEIESVNNAVVMPAHGPAKSMEYDAVATTHSWIPKRNRSILNTSQRGILEDEQMYQKCCNLFEKFFPSSSYRRPIGISSMVEAMVSRARIDARIDFESGRIKKEEFSEIMKICSTIEELRRQK,Uganda,-N/A-,CY087642,H3N2,H3N2 | CY087642 | A/Uganda/MUWRP-047/2008,CY087642|A/Uganda/MUWRP-047/2008
-N/A-,A/Peru/WRAIR1311P/2007(H1N1),MDVNPTLLFLKVPAQNAISTTFPYTGDPPYSHGTGTGYTMDTVNRTHQYSERGRWTKNTETGAPQLNPIDGPLPEDNEPSGYAQTDCVLEAMAFLEESHPGIFENSCIETIEVVQQTRVDKLTQGRQTYDWTLNRNQPAATALANTIEVFRSNGLIANESGRLIDFLKDVMESMDRGEVEVTTHFQRKRRVRDNVTKKMVTQRTIGKKKHKLDKRSYLIRALTLNTMTKDAERGKLKRRAIATPGMQIRGFVYFVETLARSICEKLEQSGLPVGGNEKKAKLANVVRKMMTNSQDTEISFTITGDNTKWNENQNPRMFLAMITYITKNQPEWFRNVLSIAPIMFSNKMARLGKGYMFESKSMKLRTQIPAEMLANIDLKYFNDSTKKKIEKIRPLLIDGTASLSPGMMMGMFNMLSTVLGVSILNLGQKRYTKTTYWWDGLQSSDDFALIVNAPNYAGIQAGVDRFYRTCKLLGINMSKKKSYINRTGTFEFTSFFYRYGFVANFSMELPSFGVSGINESADMSIGVTVIKNNMINNDLGPATAQMALQLFIKDYRYTYRCHRGDTQIQTRRSFEIKKLWDQTRSKAGLLVSDGGPNLYNIRNLHIPEVCLKWELMDEDYQGRLCNPLNPFVSHKEIESVNSAVIMLAHGPAKNMEYDAVATTHSWVPKRNRSILNTSQRGILEDEQMYQRCCNLFEKFFPSSSYRRPVGISSMAEAMVSRARIDARIDFESGRIKKEEFAEIMKICSTIEDLRRQK,Peru,-N/A-,CY070102,H1N1,H1N1 | CY070102 | A/Peru/WRAIR1311P/2007(H1N1),CY070102|A/Peru/WRAIR1311P/2007(H1N1)
Texas,A/Texas/NHRC0001/2003,MDVNPTLLFLKVPAQNAISTTFPYTGDPPYSHGTGTGYTMDTVNRTHQYSEKGKWTTNTETGAPQLNPIDGPLPEDNEPSGYAQTDCVLEAMAFLEESHPGIFENSCLETMEVVQQTRVDKLTQGRQTYDWTLNRNQPAATALANTIEVFRSNGLTANESGRLIDFLKDVMESMDKEEIEITTHFQRKRRVRDNMTKKMVTQRTIGKKKQRVNKRGYLIRALTLNTMTKDAERGKLKRRAIATPGMQIRGFVYFVETLARSICEKLEQSGLPVGGNEKKAKLANVVRKMMTNSQDTELSFTITGDNTKWNENQNPRMFLAMITYITKNQPEWFRNILSIAPIMFSNKMARLGKGYMFESKRMKLRTQIPAEMLASIDLKYFNESTRKKIEKIRPLLIDGTASLSPGMMMGMFNMLSTVLGVSILNLGQKKYTKTTYWWDGLQSSDDFALIVNAPNHEGIQAGVDRFYRICKLVGINMSKKKSYINKTGTFEFTSFFYRYGFVANFSMELPSFGVSGINESADMSIGVTVIKNNMINNDLGPATAQMALQLFIKDYRYTYRCHRGDTQIQTRRSFELKKLWDQTQSKAGLLVSDGGPNLYNIRNLHIPEVCLKWELMDEDYRGRLCNPLNPFVSHKEIESVNNAVVMPAHGPAKSMEYDAVATTHSWIPKRNRSILNTSQRGILEDEQMYQKCCNLFEKFFPSSSYRRPVGISSMVEAMVSRARIDARIDFESGRIKKEEFSEIMKICSTIEELRRQKQ,USA,03-04,CY090963,H3N2,H3N2 | CY090963 | A/Texas/NHRC0001/2003,CY090963|A/Texas/NHRC0001/2003
-N/A-,A/Uganda/MUWRP-040/2008,MDVNPTLLFLKVPAQNAISTTFPYTGDPPYSHGTGTGYTMDTXXXXHQYSERGKWTTNTETGAPQLNPIDGPLPEDNEPSGYAXXXXXXXXXXXXXXSHPGIFENSCLETMEAVQQTRVDKLTQGRQTYDWTLNRNQPAATALANTIEVFRSNGLTANESGRLIDFLKDVMESMDKEEMEITTHFQRKRRVRDNMTKKMVTQRTIGKKKQRVNKRGYLIRALTLNTMTKDAERGKLKRRAIATPGMQIRGFVYFVETLARSICEKLEQSGLPVGGNEKKAKLANVVRKMMTNSQDTELSFTITGDNTKWNENQNPRMFLAMITYITKNQPEWFRNILSIAPIMFSNKMARLGKGYMFESKRMKLRTQIPAEMLASIDLKYFNESTRKKIEKIRPLLIDGTASLSPGMMMGMFNMLSTVLGVSILNLGQKKYTKTTYWWDGLQSSDDFALIVNAPNHEGIQAGVDRFYRTCKLVGINMSKKKSYINKTGTFEFTSFFYRYGFVANFSMELPSFGVSGINESADMSIGVTVIKNNMINNDLGPATAQMALQLFIKDYRYTYRCHRGDTQIQTRRSFEIKKLWDQTQSRAGLLVSDGGPNLYNIRNLHIPEVCLKWELMDENYRGRLCNPLNPFVSHKEIESVNNAVVMPAHGPAKSMEYDXXAXXXSWVPKRNRSILNTSQRGILEDEQMYQKCCNLFEKFFPSSSYRRPIGISSMVEAMVSRARIDARIDFESGRIKKEEFSEIMKICSTIEELRRQK,Uganda,-N/A-,CY087588,H3N2,H3N2 | CY087588 | A/Uganda/MUWRP-040/2008,CY087588|A/Uganda/MUWRP-040/2008
-N/A-,A/Bilthoven/9459/1974,MDVNPTLLFLKVPAQNAISTTFPYTGDPPYSHGTGTGYTMDTVNRTHQYSEKGKWTTNTETGAPQLNPIDGPLPEDNEPSGYAQTDCVLEAMAFLEESHPGIFENSCLETMEVIQQTRVDRLTQGRQTYDWTLNRNQPAATALANTIEVFRSNGLTANESGRLIDFLKDVMESMDKEEMEITTHFQRKRRVRDNMTKKMVTQRTIGKKKQRVNKRSYLIRALTLNTMTKDAERGKLKRRAIATPGMQIRGFVYFVETLARSICEKLEQSGLPVGGNEKKAKLANVVRKMMTNSQDTELSFTITGDNTKWNENQNPRMFLAMITYITKNQPEWFRNILSIAPIMFSNKMARLGKGYMFESKRMKLRTQIPAEMLASIDLKYFNESTRKKIEKIRPLLIDGTASLSPGMMMGMFNMLSTVLGVSILNLGQKKYTKTTYWWDGLQSSDDFALIVNAPNHEGIQAGVDRFYRTCKLVGINMSKKKSYINRTGTFEFTSFFYRYGFVANFSMELPSFGVSGINESADMSIGVTVIKNNMINNDLGPATAQMALQLFIKDYRYTYRCHRGDTQIQTRRSFELKKLWEQTRSKAGLLVSDGGPNLYNIRNLHIPEVCLKWELMDEDYQGRLCNPLNPFVSHKEIESVNNAVVMPAHGPAKSMEYDAVATTHSWIPKRNRSILNTSQRGILEDEQMYQKCCNLFEKFFPSSSYRRPVGISSMVEAMMSRARIDARIDFESGRIKKEEFTEIMKICSTIEELRRQK,Netherlands,-N/A-,CY113147,H3N2,H3N2 | CY113147 | A/Bilthoven/9459/1974,CY113147|A/Bilthoven/9459/1974
-N/A-,A/Vietnam/UT31244III/2007(H5N1),MDVNPTLLFLKVPVQNAISTTFPYTGDPPYSHGTGTGYTMDTVNRTHQYSEKGKWTTNTETGAPQLNPIDGPLPEDNEPSGYAQTDCVLEAMAFLEESHPGIFENSCLETIEIVQQTRVDKLTQGRQTYDWTLNRNQPAATALANTIELFRSNGLTANESGRLIDFLKDVMESMDKEEMEITTHFQRKRRVRDNMTKKMVTQRTIGKKKQRLNKRSYLIRALTLNTMTKDAERGKLKRRAIATPGMQIRGFVYFVETLARSICEKLEQSGLPVGGNEKKAKLANVVRKMMTNSQDTELSFTITGDNTKWNENQNPRMFLAMITYITRNQPEWFRNVLSIAPIMFSNKMARLGKGYMFESKSMKLRTQIPAEMLANIDLKYFNELTKKKIEKIRPLLIDGTASLSPGMMMGMFNMLSTVLGVSILNLGQKRYTKTTYWWDGLQSSDDFALIVNAPNHEGIQAGVDRFYRTCKLVGINMSKKKSYINRTGTFEFTSFFYRYGFVANFSMELPSFGVSGINESADMSIGVTVIKNNMINNDLGPATAQMALQLFIKDYRYTYRCHRGDMQIQTRRSFELKKLWEQTRSKAGLLVSDGGPNLYNIRNLHIPEVCLKWELMDEDYQGRLCNPLNPFVSHKEIESVNNAIVMPAHGPAKSMEYDAVATTHSWIPKRNRSILNTSQRGILEDEQMYQKCCNLFEKFFPSSSYRRPVGISSMVEAMVSRARIDARIDFESGRIKKEEFAEIMRICSTIEELRRQK,Viet Nam,-N/A-,HM114567,H5N1,H5N1 | HM114567 | A/Vietnam/UT31244III/2007(H5N1),HM114567|A/Vietnam/UT31244III/2007(H5N1)
-N/A-,A/Thailand/CU-B657/2009(H3N2),MDVNPTLLFLKVPAQNAISTTFPYTGDPPYSHGTGTGYTMDTVNRTHQYSERGKWTTNTETGAPQLNPIDGPLPEDNEPSGYAQTDCVLEAMAFLEESHPGIFENSCLETMEAVQQTRVDKLTQGRQTYDWTLNRNQPAATALANTIEVFRSNGLTANESGRLIDFLKDVMESMDKEEMEITTHFQRKRRVRDNMTKKMVTQRTIGKKKQRVNKRGYLIRALTLNTMTKDAERGKLKRRAIATPGMQIRGFVYFVETLARSICEKLEQSGLPVGGNEKKAKLANVVRKMMTNSQDTELSFTITGDNTKWNENQNPRMFLAMITYITKNQPEWFRNILSIAPIMFSNKMARLGKGYMFESKRMKLRTQIPAEMLASIDLKYFNESTRKKIEKIRPLLIDGTASLSPGMMMGMFNMLSTVLGVSILNLGQKKYTKTTYWWDGLQSSDDFALIVNAPNHEGIQAGVDRFYRTCKLVGINMSKKKSYINKTGTFEFTSFFYRYGFVANFSMELPSFGVSGINESADMSIGVTVIKNNMINNDLGPATAQMALQLFIKDYRYTYRCHRGDTQIQTRRSFEIKKLWDQTQSRTGLLVSDGGPNLYNIRNLHIPEVCLKWELMDENYRGRLCNPLNPFVSHKEIESVNNAVVMPAHGPAKSMEYDAVATTHSWIPKRNRSILNTSQRGILEDEQMYQKCCNLFEKFFPSSSYRRPIGISSMVEAMVSRARIDARIDFESGRIKKEEFSEIMRICSTIEELRRQK,Thailand,-N/A-,GQ902823,H3N2,H3N2 | GQ902823 | A/Thailand/CU-B657/2009(H3N2),GQ902823|A/Thailand/CU-B657/2009(H3N2)
California,A/California/VRDL238/2009(H1N1),MDVNPTLLFLKVPAQNAISTTFPYTGDPPYSHGTGTGYTMDTVNRTHQYSERGRWTKNTETGAPQLNPIDGPLPEDNEPSGYAQTDCVLEAMAFLEESHPGIFENSCIETMEVVQQTRVDKLTQGRQTYDWTLNRNQPAATALANTIEVFRSNGLIANESGRLIDFLKDVMESMDRGEVEVTTHFQRKRRVRDNVTKKMVTQRTIGKKKHKLDKRSYLIRALTLNTMTKDAERGKLKRRAIATPGMQIRGFVYFVETLARSICEKLEQSGLPVGGNEKKAKLANVVRKMMTNSQDTEISFTITGDNTKWNENQNPRMFLAMITYITKNQPEWFRNILSIAPIMFSNKMARLGKGYMFESKSMKLRTQIPAEMLANIDLKYFNDSTKKKIEKIRPLLIDGTASLSPGMMMGMFNMLSTVLGVSILNLGQKRYTKTTYWWDGLQSSDDFALIVNAPNYAGIQAGVDRFYRTCKLLGINMSKKKSYINRTGTFEFTSFFYRYGFVANFSMELPSFGVSGVNESADMSIGVTVIKNNMINNDLGPATAQMALQLFIKDYRYTYRCHRGDTQIQTRRSFEIKKLWDQTRSKAGLLVSDGGPNLYNIRNLHIPEVCLKWELMDEDYQGRLCNPLNPFVSHKEIESVNSAVIMPAHGPAKNMEYDAVATTHSWVPKRNRSILNTSQRGILEDEQMYQRCCNLFGKFFPSSSYRRPVGISSMVEAMVSRARIDARIDFESGRIKKEEFAEIMRICSTIEDLRRQK,USA,08-09,CY074313,H1N1,H1N1 | CY074313 | A/California/VRDL238/2009(H1N1),CY074313|A/California/VRDL238/2009(H1N1)
-N/A-,A/Thailand/CU231/2006(H3N2),MDVNPTLLFLKVPAQNAISTTFPYTGDPPYSHGTGTGYTMDTVNRTHQYSEKGKWTTNTETGAPQLNPIDGPLPEDNEPSGYAQTDCVLEAMAFLEESHPGIFENSCLETMEVVQQTRVDKLTQGRQTYDWTLNRNQPAATALANTIEVFRSNGLTANESGRLIDFLKDVMESMDKEEMEITTHFQRKRRVRDNMTRKMVTQRTIGKKKQRVNKRGYLIRALTLNTMTKDAERGKLKRRAIATPGMQIRGFVYFVETLARSICEKLEQSGLPVGGNEKKAKLANVVRKMMTNSQDTELSFTITGDNTKWNENQNPRMFLAMITYITKNQPEWFRNILSIAPIMFSNKMARLGKGYMFESKRMKLRTQIPAEMLASIDLKYFNESTRKKIEKIRPLLIDGTASLSPGMMMGMFNMLSTVLGVSILNLGQKKHTKTTYWWDGLQSSDDFALIVNAPNHEGIQAGVDRFYRTCKLVGINMSKKKSYINKTGTFEFTSFFYRYGFVANFSMELPSFGVSGINESADMSIGVAVIKNNMINNDLGPATAQMALQLFIKDYRYTYRCHRGDTQIQTRRSFELKKLWDQTQSRAGLLVSDGGPNLYNIRNLHIPEVCLKWELMDENYRGRLCNPLNPFVSHKEIESVNNAVVMPAHGPAKSMEYDAVATTHSWIPKRNRSILNTSQRGILEDEQMYQKCCNLFEKFFPSSSYRRPIGISSMVEAMVSRARIDARIDFESGRIKKEEFSEIMKICSTIEELRRQK,Thailand,-N/A-,FJ912950,H3N2,H3N2 | FJ912950 | A/Thailand/CU231/2006(H3N2),FJ912950|A/Thailand/CU231/2006(H3N2)
Massachusetts,A/Boston/DOA45/2011,MDVNPTLLFLKVPAQNAISTTFPYTGDPPYSHGTGTGYTMDTVNRTHQYSERGKWTTNTETGAPQLNPIDGPLPEDNEPSGYAQTDCVLEAMAFLEESHPGIFENSCLETMEAVQQTRVDKLTQGRQTYDWTLNRNQPAATALANTIEVFRSNGLTASESGRLIDFLKDVMESMDKEEMEITTHFQRKRRVRDNMTKKMVTQRTIGKKKQRVNKRGYLIRALTLNTMTKDAERGKLKRRAIATPGMQIRGFVYFVETLARSICEKLEQSGLPVGGNEKKAKLANVVRKMMTNSQDTELSFTITGDNTKWNENQNPRMFLAMITYITKNQPEWFRNILSIAPIMFSNKMARLGKGYMFESKRMKLRTQIPAEMLASIDLKYFNESTRKKIEKIRPLLIDGTASLSPGMMMGMFNMLSTVLGVSILNLGQKKYTKTTYWWDGLQSSDDFALIVNAPNHEGIQAGVDRFYRTCKLVGINMSKKKSYINKTGTFEFTSFFYRYGFVANFSMELPSFGVSGINESADMSIGVTVIKNNMINNDLGPATAQMALQLFIKDYRYTYRCHRGDTQIQTRRSFEIKKLWDQTQSKTGLLVSDGGPNLYNIRNLHIPEVCLKWELMDENYRGRLCNPLNPFVSHKEIESVNNAVVMPAHGPAKSMEYDAVATTHSWIPKRNRSILNTSQRGILEDEQMYQKCCNLFEKFFPSSSYRRPIGISSMVEAMVSRARIDARIDFESGRIKKEEFSEIMKICSTIEELRRQK,USA,10-11,CY134551,H3N2,H3N2 | CY134551 | A/Boston/DOA45/2011,CY134551|A/Boston/DOA45/2011
-N/A-,A/Taiwan/T0826/2009(H1N1),MDVNPTLLFLKIPAQNAISTTFPYTGDPPYSHGTGTGYTMDTVNRTHQYSEKGKWTTNTETGAPQLNPIDGPLPEDNEPSGYAQTDCVLEAMAFLEESHPGIFENSCLETMEVVQQTRVDKLTQGRQTYDWTLNRNQPAATALANTIEVFRSNGLTANESGRLIDFLKDVMESMNKEEIEITTHFQRKRRVRDNMTKKMVTQRTIGKKKQRLNKRGYLIRALTLNTMTKDAERGKLKRRAIATPGMQIRGFVYFVETLARSICEKLEQSGLPVGGNEKKAKLANVVRKMMTNSQDTEISFTITGDNTKWNENQNPRMFLAMITYITRNQPEWFRNILSMAPIMFSNKMARLGKGYMFESKRMKIRTQIPAEMLASIDLKYFNESTKKKIEKIRPLLIDGTASLSPGMMMGMFNMLSTVLGVSILNLGQKKYTKTIYWWDGLQSSDDFALIVNAPNHEGIQAGVDRFYRTCKLVGINMSKKKSYINKTGTFEFTSFFYRYGFVANFSMELPSFGVSGVNESADMSVGVTVIKNNMINNDLGPATAQMALQLFIKDYRYTYRCHRGDTQIQTRRSFELKKLWDQTQSKVGLLVSDGGPNLYNIRNLHIPEVCLKWELMDDDYRGRLCNPLNPFVSHKEIDSVNNAVVMPAHGPAKSMEYDAVATTHSWIPKRNRSILNTSQRGILEDEQMYQKCCNLFEKFFPSSSYRRPVGISSMVEAMVSRARIDARVDFESGRIKKEEFSEIMKICSTIEELRRQK,Taiwan,-N/A-,CY050081,H1N1,H1N1 | CY050081 | A/Taiwan/T0826/2009(H1N1),CY050081|A/Taiwan/T0826/2009(H1N1)
-N/A-,A/Novosibirsk/RII9/2012,MDVNPTLLFLKVPAQNAISTTFPYTGDPPYSHGTGTGYTMDTVNRTHQYSERGKWTTNTETGAPQLNPIDGPLPEDNEPSGYAQTDCVLEAMAFLEESHPGIFENSCLETMEAVQQTRVDKLTQGRQTYDWTLNRNQPAATALANTIEVFRSNGLTANESGRLIDFLKDVMESMDKEEMEITTHFQRKRRVRDNMTKKMVTQRTIGKKKQRVNKRGYLIRALTLNTMTKDAERGKLKRRAIATPGMQIRGFVYFVETLARSICEKLEQSGLPVGGNEKKAKLANVVRKMMTNSQDTELSFTITGDNTKWNENQNPRMFLAMITYITKNQPEWFRNILSIAPIMFSNKMARLGKGYMFESKRMKLRTQIPAEMLASIDLKYFNESTRKKIEKIRPLLIDGTASLSPGMMMGMFNMLSTVLGVSILNLGQKKYTKTTYWWDGLQSSDDFALIVNAPNHEGIQAGVDRFYRTCKLVGINMSKKKSYINKTGTFEFTSFFYRYGFVANFSMELPSFGVSGINESADMSIGVTVIKNNMINNDLGPATAQMALQLFIKDYRYTYRCHRGDTQIQTRRSFEIKKLWDQTQSRTGLLVSDGGPNLYNIRNLHIPEVCLKWELMDENYRGRLCNPLNPFVSHKEIESVNNAVVMPAHGPAKSMEYDAVATTHSWIPKRNRSILNTSQRGILEDEQMYQKCCNLFEKFFPSSSYRRPIGISSMVEAMVSRARIDARIDFESGRIK,Russia,11-12,KC488805,H3N2,H3N2 | KC488805 | A/Novosibirsk/RII9/2012,KC488805|A/Novosibirsk/RII9/2012
-N/A-,A/Chile/23/2010,MDVNPTLLFLKIPAQNAISTTFPYTGDPPYSHGTGTGYTMDTVNRTHQYSEKGKWTTNTETGAPQLNPIDGPLPEDNEPSGYAQTDCVLEAMAFLEESHPGIFENSCLETMEVVQQTRVDKLTQGRQTYDWTLNRNQPAATALANTIEVFRSNGLTANESGRLIDFLKDVMESMNKEEIEITTHFQRKRRVRDNMTKKMVTQRTIGKKKQRLNKRGYLIRALTLNTMTKDAERGKLKRRAIATPGMQIRGFVYFVEALARSICEKLEQSGLPVGGNEKKAKLANVVRKMMXNSQDTEISFTITGDNTKWNENQNPRMFLAMITYITRNQPEWFRNILSMAPIMFSNKMARLGKGYMFESKRMKIRTQIPAEMLASIDLKYFNESTKKKIEKIRPLLIDGTASLSPGMMMGMFNMLSTVLGVSILNLGQKKYTKTIYWWDGLQSSDDFALIVNAPNHEGIQAGVDRFYRTCKLVGINMSKKKSYINKTGTFEFTSFFYRYGFVANFSMELPSFGVSGVNESADMSIGVTVIKNNMINNDLGPATAQMALQLFIKDYRYTYRCHRGDTQIQTRRSFELKKLWDQTQSKVGLLVSDGGPNLYNIRNLHIPEVCLKWELMDDDYRGRLCNPLNPFVSHKEIDSVNNAVVMPAHGPVKSMEYDAVATTHSWIPKRNRSILNTSQRGILEDEQMYQKCCNLFEKFFPSSSYRRPVGISSMVEAMVSRARIDARVDFESGRIKKEEFSEIMKICSTIEELRRQK,Chile,-N/A-,CY092974,H1N1,H1N1 | CY092974 | A/Chile/23/2010,CY092974|A/Chile/23/2010
-N/A-,A/Gunma/267/2009,MDVNPTLLFLKIPAQNAISTTFPYTGDPPYSHGTGTGYTMDTVNRTHQYSEKGKWTTNTETGAPQLNPIDGPLPENNEPSGYAQTDCVLEAMAFLEESHPGIFENSCLETMEVVQQTRVDKLTQGRQTYDWTLNRNQPAATALANTIEVFRSNGLTANESGRLIDFLKDVMESMNKEEIEITTHFQRKRRVRDNMTKKMVTQRTIGKKKQRLNKRGYLIRALTLNTMTKDAERGKLKRRAIATPGMQIRGFVYFVETLARSICEKLEQSGLPVGGNEKKAKLANVVRKMMTNSQDTEISFTITGDNTKWNENQNPRMFLAMITYITRNQPEWFRNILSMAPIMFSNKMARLGKGYMFESKRMKIRTQIPAEMLASIDLKYFNESTKKKIEKITPLLIDGTASLSPGMMMGMFNMLSTVLGVSILNLGQKKYTKTVYWWDGLQSSDDFALIVNAPNHEGIQAGVDRFYRTCKLVGINMSKKKSYINKTGTFEFTSFFYRYGFVANFSMELPSFGVSGVNESADMSIGVTVIKNNMINSDLGPATAQMALQLFIKDYRYTYRCHRGDTQIQTRRSFELKKLWDQTQSKVGLLVSDGGPNLYNIRNLHIPEVCLKWELMDDDYRGRLCNPLNPFVSHKEIDSVNNAVVMPAHGPAKSMEYDAVATTHSWIPKRNRSILNTSQRGILEDEQMYQKCCNLFEKFFPSSSYRRPVGISSMVEAMVSRARIDARVDFESGRIKKEEFSEIMKICSTIEELRRQK,Japan,09-10,AB704436,H1N1,H1N1 | AB704436 | A/Gunma/267/2009,AB704436|A/Gunma/267/2009
-N/A-,A/Netherlands/330/1985,MDVNPTLLFLKVPAQNAISTTFPYTGDPPYSHGTGTGYTMDTVNRTHQYSEKGKWTTNTETGAPQLNPIDGPLPEDNEPSGYAQTDCVLEAMAFLEESHPGIFENSCLETMEVIQQTRVDKLTQGRQTYDWTLNRNQPAATALANTIEVFRSNGLTANESGRLIDFLKDVMESMDKEEIEITTHFQRKRRVRDNMTKKMVTQRTIGKKKQRVNKRSYLIRALTLNTMTKDAERGKLKRRAIATPGMQIRGFVYFVETLARSICEKLEQSGLPVGGNEKKAKLANVVRKMMTNSQDTELSFTITGDNTKWNENQNPRMFLAMITYITKNQPEWFRNILSIAPIMFSNKMARLGKGYMFESKRMKLRTQIPAEMLASIDLKYFNESTRKKIEKIRPLLIDGTASLSPGMMMGMFNMLSTVLGVSILNLGQKKYTKTTYWWDGLQSSDDFALIVNAPNHEGIQAGVDRFYRTCKLVGINMSKKKSYINKTGTFEFTSFFYRYGFVANFSMELPSFGVSGINESADMSIGVTVIKNNMINNDLGPATAQMALQLFIKDYRYTYRCHRGDTQIQTRRSFELKKLWEQTQSKAGLLVSDGGPNLYNIRNLHIPEVCLKWELMDEDYQGRLCNPLNPFVSHKEIESVNNAVVMPAHGPAKSMEYDAVATTHSWIPKRNRSILNTSQRGILEDEQMYQKCCNLFEKFFPSSSYRRPVGISSMVEAMVSRARIDARIDFESGRIKKEEFSEIMKICSTIEELRRQK,Netherlands,84-85,CY113331,H3N2,H3N2 | CY113331 | A/Netherlands/330/1985,CY113331|A/Netherlands/330/1985
Texas,A/Texas/JMM_10/2012,MDVNPTLLFLKVPAQNAISTTFPYTGDPPYSHGTGTGYTMDTVNRTHQYSERGKWTTNTETGAPQLNPIDGPLPEDNEPSGYAQTDCVLEAMAFLEESHPGIFENSCLETMEAVQQTRVDKLTQGRQTYDWTLNRNQPAATALANTIEVFRSNGLTANESGRLIDFLKDVMESMDKEEMEITTHFQRKRRVRDNMTKKMVTQRTIGKKKQRVNKRGYLIRALTLNTMTKDAERGKLKRRAIATPGMQIRGFVYFVETLARSICEKLEQSGLPVGGNEKKAKLANVVRKMMTNSQDTELSFTITGDNTKWNENQNPRMFLAMITYITKNQPEWFRNILSIAPIMFSNKMARLGKGYMFESKKMKLRTQIPAEMLASIDLKYFNESTRKKIEKIRPLLIDGTASLSPGMMMGMFNMLSTVLGVSILNLGQKKYTKTTYWWDGLQSSDDFALIVNAPNHEGIQAGVDRFYRTCKLVGINMSKKKSYINKTGTFEFTSFFYRYGFVANFSMELPSFGVSGINESADMSIGVTVIKNNMINNDLGPATAQMALQLFIKDYRYTYRCHRGDTQIQTRRSFEIKKLWDQTQSRTGLLVSDGGPNLYNIRNLHIPEVCLKWELMDENYRGRLCNPLNPFVSHKEIESVNNAVVMPAHGPAKSMEYDAVATTHSWIPKRNRSILNTSQRGILEDEQMYQKCCNLFEKFFPSSSYRRPIGISSMVEAMVSRARIDARIDFESGRIKKEEFSEIMKICSTIEELRRQK,USA,12-13,CY134794,H3N2,H3N2 | CY134794 | A/Texas/JMM_10/2012,CY134794|A/Texas/JMM_10/2012
-N/A-,A/Taiwan/448/2007,AQNAISTTFPYTGDPPYSHGTGTGYTMDTVNRTHQYSEKGKWTTNTETGAPQLNPIDGPLPEDNEPSGYAQTDCVLEAMAFLEESHPGIFENSCLETMEAVQQTRVDKLTQGRQTYDWTLNRNQPAATALANTIEVFRSNGLTANESGRLIDFLKDVMESMDKEEMEITTHFQRKRRVRDNMTKKMVTQRTIGKKKQRVNKRGYLIRALTLNTMTKDAERGKLKRRAIATPGMQIRGFVYFVETLARSICEKLEQSGLPVGGNEKKAKLANVVRKMMTNSQDTELSFTITGDNTKWNENQNPRMFLAMITYITKNQPEWFRNILSIAPIMFSNKMARLGKGYMFESKRMKLRTQIPAEMLASIDLKYFNESTRKKIEKIRPLLMDGTASLSPGMMMGMFNMLSTVLGVSILNLGQKKYTKTTYWWDGLQSSDDFALIVNAPNHEGIQAGVDRFYRTCKLVGINMSKKKSYINKTGTFEFTSFFYRYGFVANFSMELPSFGVSGINESADMSIGVTVIKNNMINNDLGPATAQMALQLFIKDYRYTYRCHRGDTQIQTRRSFELKKLWDQTQSRAGLLVSDGGPNLYNIRNLHIPEVCLKWELMDGNYRGRLCNPLNPFVSHKEIESVNNAVVMPAHGPAKSMEYDAVATTHSWIPKRNRSILNTSQRGILEDEQMYQKCCNLFEKFFPSSSYRRPIGISSMVEAMVSRARIDARIDFESGRIKKEEFSEIMKICSTIEELRRQK,Taiwan,-N/A-,FJ805742,H3N2,H3N2 | FJ805742 | A/Taiwan/448/2007,FJ805742|A/Taiwan/448/2007
-N/A-,A/Cambodia/V0417301/2011,PTLLFLKVPVQNAISTTFPYTGDPPYSHGTGTGYTMDTVNRTHQYSEKGKWTTNTETGAPQLNPIDGPLPEDNEPSGYAQTDCVLEAMAFLEESHPGIFENSCLETMEIVQQTRVDKLTQGRQTYDWTLNRNQPAATALANTIEIFRSNGLTANESGRLIDFLKDVMESMDKEEMEITTHFQRKRRVRDNMTKKMVTQRTIGKKKQRLNKKSYLIRALTLNTMTKDAERGKLKRRAIATPGMQIRGFVYFVETLARCICEKLEQSGLPVGGNEKKAKLANVVRKMMTNSQDTELSFTITGDNTKWNENQNPRMFLAMITYITRNQPEWFRNVLSIAPIMFSNKMARLGKGYMFESKSMKLRTQIPAEMLANIDLKYFNELTKKKIEKIRPLLIDGTASLSPGMMMGMFNMLSTVLGVSILNLGQKRYTKTTYWWDGLQSSDDFALIVNAPNHEGIQAGVDRFYRTCKLVGINMSKKKSYINRTGTFEFTSFFYRYGFVANFSMELPSFGVSGINESADMSIGVTVIKNNMINNDLGPATAQMALQLFIKDYRYTYRCHRGDTQIQTRRSFELRKLWEQTRSKAGLLVSDGGPNLYNIRNLHIPEVCLKWELMDVDYQGRLCNPLNPFVSHKEIESVNNAIVMPAHGPAKSMEYDAVATTHSWIPKRNRSILNTSQRGILEDEQMYQKCCNLFEKFFPSSSYRRPVGISSMVEAMVSRARIDARIDFESGRIKKEEFA,Cambodia,-N/A-,JN588913,H5N1,H5N1 | JN588913 | A/Cambodia/V0417301/2011,JN588913|A/Cambodia/V0417301/2011
-N/A-,A/Thailand/CU-B42/2009(H1N1),MDVNPTLLFLKVPAQNAISTTFPYTGDPPYSHGTGTGYTMDTVNRTHQYSERGRWTKNTETGAPQLNPIDGPLPEDNEPSGYAQTDCVLEAMAFLEESHPGIFENSCIETMEVVQQTRVDKLTQGRQTYDWTLNRNQPAATALANTIEVFRSNGLIANESGRLIDFLKDVMESMDRGEVEVTTHFQRKRRVRDNVTKKMVTQRTIGKKKHKLDKRSYLIRALTLNTMTKDAERGKLKRRAIATPGMQIRGFVYFVETLARSICEKLEQSGLPVGGNEKKAKLANVVRKMMTNSQDTEISFTITGDNTKWNENQNPRMFLAMITYITKNQPEWFRNILSIAPIMFSNKMARLGKGYMFESKSMKLRTQIPAEMLANIDLKYFNDSTKKKIEKIRPLLIDGTASLSPGMMMGMFNMLSTVLGVSILNLGQKRYTKTTYWWDGLQSSDDFALIVNAPNYAGIQAGVDRFYRTCKLLGINMSKRKSYINRTGTFEFTSFFYRYGFVANFSMELPSFGVSGVNESADMSIGVTVIKNNMINNDLGPATAQMALQLFIKDYRYTYRCHRGDTQIQTRRSFEIKKLWDQTRSKAGLLVSDGGPNLYNIRNLHIPEVCLKWELMDEDYQGRLCNPLNPFVSHKEIESVNSAVIMPAHGPAKNMEYDAVATTHSWVPKRNRSILNTSQRGILEDEQMYQRCCNLFEKFFPSSSYRRPVGISSMVEAMVSRARIDARIDFESGRIKKEEFAEIMKICSTIEDLRRQK,Thailand,-N/A-,GQ902799,H1N1,H1N1 | GQ902799 | A/Thailand/CU-B42/2009(H1N1),GQ902799|A/Thailand/CU-B42/2009(H1N1)
-N/A-,A/Uganda/MUWRP-003/2008,MDVNPTLLFLKVPAQNAISTTFPYTGDPPYSHGTGTGYTMDTVNRTHQYSERGKWTTNTETGAPQLNPIDGPLPEDNEPSGYAQTDCVLEAMAFLEESHPGIFENSCLETMEAVQQTRVDKLTQGRQTYDWTLNRNQPAATALANTIEVFRSNGLTANESGRLIDFLKDVMESMDKEQMEITTHFQRKRRVRDNMTKKMVTQRTIGKKKQRVNKRGYLIRALTLNTMTKDAERGKLKRRAIATPGMQIRGFVYFVETLARSICEKLEQSGLPVGGNEKKAKLANVVRKMMTNSQDTELSFTITGDNTKWNENQNPRMFLAMITYITKNQPEWFRNILSIAPIMFSNKMARLGKGYMFESKRMKLRTQIPAEMLASIDLKYFNESTRKKIEKIRPLLIDGTASLSPGMMMGMFNMLSTVLGVSILNLGQKKYTKTTYWWDGLQSSDDFALIVNAPNHEGIQAGVDRFYRTCKLVGINMSKKKSYINKTGTFEFTSFFYRYGFVANFSMELPSFGVSGINESADMSIGVTVIKNNMINNDLGPATAQMALQLFIKDYRYTYRCHRGDTQIQTRRSFEIKKLWDQTQSRAGLLVSDGGPNLYNIRNLHIPEVCLKWELMDENYRGRLCNPLNPFVSHKEIESVNNAVVMPAHGPAKSMEYDAVATTHSWIPKRNRSILNTSQRGILEDEQMYQKCCNLFEKFFPSSSYRRPIGISSMVEAMVSRARIDARIDFESGRIKKEEFSEIMKICSTIEELRRQK,Uganda,-N/A-,CY087324,H3N2,H3N2 | CY087324 | A/Uganda/MUWRP-003/2008,CY087324|A/Uganda/MUWRP-003/2008
-N/A-,A/Sydney/DD3-50/2010,MDVNPTLLFLKIPAQNAISTTFPYTGDPPYSHGTGTGYTMDTVNRTHQYSEKGKWTTNTETGAPQLNPIDGPLPEDNEPSGYAQTDCVLEAMAFLEESHPGIFENSCLETMEVVQQTRVDKLTQGRQTYDWTLNRNQPAATALANTIEVFRSNGLTANESGRLIDFLKDVMESMNKEELEITTHFQRKRRVRDNMTKKMVTQRTIGKKKQRLNKRGYLIRALTLNTMTKDAERGKLKRRAIATPGMQIRGFVYFVEALARSICEKLEQSGLPVGGNEKKAKLANVVRKMMTNSQDTEISFTITGDNTKWNENQNPRMFLAMITYITRNQPEWFRNILSMAPIMFSNKMARLGKGYMFESKRMKIRTQIPAEMLASIDLKYFNESTKKKIEKIRPLLIDGTASLSPGMMMGMFNMLSTVLGVSILNLGQKKYTKTIYWWDGLQSSDDFALIVNAPNHEGIQAGVDRFYRTCKLVGINMSKKKSYINKTGTFEFTSFFYRYGFVANFSMELPSFGVSGVNESADMSIGVTVIKNNMINNDLGPATAQMALQLFIKDYRYTYRCHRGDTQIQTRRSFELKKLWDQTQSKVGLLVSDGGPNLYNIRNLHIPEVCLKWELMDDDYRGRLCNPLNPFVSHKEIDSVNNAVVMPAHGPVKSMEYDAVATTHSWIPKRNRSILNTSQRGILEDEQMYQKCCNLFEKFFPSSSYRRPVGISSMVEAMVSRARIDARVDFESGRIKKEEFSEIMKICSTIEELRRQK,Australia,-N/A-,CY092708,H1N1,H1N1 | CY092708 | A/Sydney/DD3-50/2010,CY092708|A/Sydney/DD3-50/2010
Wisconsin,A/Wisconsin/629-D01199/2009(H1N1),MDVNPTLLFLKIPAQNAISTTFPYTGDPPYSHGTGTGYTMDTVNRTHQYSEKGKWTTNTETGAPQLNPIDGPLPEDNEPSGYAQTDCVLEAMAFLEESHPGIFENSCLETMEVVQQTRVDKLTQGRQTYDWTLNRNQPAATALANTIEVFRSNGLTANESGRLIDFLKDVMESMNKEEIEITTHFQRKRRVRDNMTKKMVTQRTIGKKKQRLNKRGYLIRALTLNTMTKDAERGKLKRRAIATPGMQIRGFVYFVETLARSICEKLEQSGLPVGGNEKKAKLANVVRKMMTNSQDTEISFTITGDNTKWNENQNPRMFLAMITYITRNQPEWFRNILSMAPIMFSNKMARLGKGYMFESKRMKIRTQIPAEMLASIDLKYFNESTKKKIEKIRPLLIDGTASLSPGMMMGMFNMLSTVLGVSILNLGQKKYTKTIYWWDGLQSSDDFALIVNAPNHEGIQAGVDRFYRTCKLVGINMSKKKSYINKTGTFEFTSFFYRYGFVANFSMELPSFGVSGVNESADMSIGVTVIKNNMINNDLGPATAQMAJQLFIKDYRYTYRCHRGDTQIQTRRSFELKKLWDQTQSKVGLLVSDGGPNLYNIRNLHIPEVCLKWELMDDDYRGRLCNPLNPFVSHKEIDSVNNAVVMPAHGPAKSMEYDAVATTHSWIPKRNRSILNTSQRGILEDEQMYQKCCNLFEKFFPSSSYRRPVGISSMVEAMVSRARIDARVDFESGRIKKEEFSEIMKICSTIEELRRQK,USA,08-09,CY051245,H1N1,H1N1 | CY051245 | A/Wisconsin/629-D01199/2009(H1N1),CY051245|A/Wisconsin/629-D01199/2009(H1N1)
-N/A-,A/Singapore/KK81/2010,MDVNPTLLFLKIPAQNAISTTFPYTGDPPYSHGTGTGYTMDTVNRTHQYSEKGKWTTNTETGAPQLNPIDGPLPEDNEPSGYAQTDCVLEAMAFLEESHPGIFENSCLETMEVVQQTRVDKLTQGRQTYDWTLNRNQPAATALANTIEVFRSNGLTANESGRLIDFLKDVMESMNKEEIEITTHFQRKRRVRDNMTKKMVTQRTIGKKKQRLNKRGYLIRALTLNTMTKDAERGKLKRRAIATPGMQIRGFVYFVEALARSICEKLEQSGLPVGGNEKKAKLANVVRKMMTNSQDTEISFTITGDNTKWNENQNPRMFLAMITYITRNQPEWFRNILSMAPIMFSNKMARLGKGYMFESKRMKIRTQIPAEMLASIDLKYFNESTKKKIEKIRPLLIDGTASLSPGMMMGMFNMLSTVLGVSILNLGQKKYTKTIYWWDGLQSSDDFALIVNAPNHKGIQAGVDRFYRTCKLVGINMSKKKSYINKTGTFEFTSFFYRYGFVANFSMELPSFGVSGVNESADMSIGVTVIKNNMINNDLGPATAQMALQLFIKDYRYTYRCHRGDTQIQTRRSFELKKLWDQTQSKVGLLVSDGGPNLYNIRNLHIPEVCLKWELMDDDYRGRLCNPLNPFVGHKEIDSVNNAVVMPAHGPAKSMEYDAVATTHSWIPKRNRSILNTSQRGILEDEQMYQKCCNLFEKFFPSSSYRRPVGISSMVEAMVSRAQIDARVDFESGRIKKEEFSEIMKICSTIEELRRQK,Singapore,-N/A-,JX309142,H1N1,H1N1 | JX309142 | A/Singapore/KK81/2010,JX309142|A/Singapore/KK81/2010
-N/A-,A/Nagasaki/07N011/2008(H1N1),MDVNPTLLFLKVPAQNAISTTFPYTGDPPYSHGTGTGYTMDTVNRTHQYSERGRWTKNTETGAPQLNPIDGPLPEDNEPSGYAQTDCVLEAMAFLEESHPGIFENSCIETMEVVQQTRVDKLTQGRQTYDWTLNRNQPAATALANTIEVFRSNGLIANESGRLIDFLKDVMESMDRGEVEVTTHFQRKRRVRDNVTKKMVTQRTIGKKKHKLDKRSYLIRALTLNTMTKDAERGKLKRRAIATPGMQIRGFVYFVETLARSICEKLEQSGLPVGGNEKKAKLANVVRKMMTNSQDTEISFTITGDNTKWNENQNPRMFLAMITYITKNQPEWFRNVLSIAPIMFSNKMARLGKGYMFESKSMKLRTQIPAEMLANIDLKYFNDSTKKKIEKIRPLLIDGTASLSPGMMMGMFNMLSTVLGVSILNLGQKRYTKTTYWWDGLQSSDDFALIVNAPNYAGIQAGVDRFYRTCKLLGINMSKKKSYINRTGTFEFTSFFYRYGFVANFSMELPSFGVSGINESADMSIGVTVIKNNMINNDLGPATAQMALQLFIKDYRYTYRCHRGDTQIQTRRSFEIKKLWDQTRSKAGLLVSDGGPNLYNIRNLHIPEVCLKWELMDEDYQGRLCNPLNPFVSHKEIESVNNAVIMPAHGPAKNMEYDAVATTHSWVPKRNRSILNTSQRGILEDEQMYQRCCNLFEKFFPSSSYRRPVGISSMAEAMVSRARIDARIDFESGRIKKEEFAEIIKICSTIEDLRRQK,Japan,07-08,CY043471,H1N1,H1N1 | CY043471 | A/Nagasaki/07N011/2008(H1N1),CY043471|A/Nagasaki/07N011/2008(H1N1)
-N/A-,A/Moscow/WRAIR1627T/2009(H1N1),MDVNPTLLFLKIPAQNAISTTFPYTGDPPYSHGTGTGYTMDTVNRTHQYSEKGKWTTNTETGAPQLNPIDGPLPEDNEPSGYAQTDCVLEAMAFLEESHPGIFENSCLETMEVVQQTRVDKLTQGRQTYDWTLNRNQPAATALANTIEVFRSNGLTANESGRLIDFLKDVMESMNKEEIEITTHFQRERRVRDNMTKKMVTQRTIGKKKQRLNKRGYLIRALTLNTMTKDAERGKLKRRAIATPGMQIRGFVYFVETLARSICEKLEQSGLPVGGNEKKAKLANVVRKMMTNSQDTEISFTITGDNTKWNENQNPRMFLAMITYITRNQPEWFRNILSMAPIMFSNKMARLGKGYMFESKKMKIRTQIPAEMLASIDLKYFNESTKKKIEKIRPLLIDGTASLSPGMMMGMFNMLSTVLGVSILNLGQKKYTKTIYWWDGLQSSDDFALIVNAPNHEGIQAGVDRFYRTCKLVGINMSKKKSYINKTGTFEFTSFFYRYGFVANFSMELPSFGVSGVNESADMSIGVTVIKNNMINNDLGPATAQMALQLFIKDYRYTYRCHRGDTQIQTRRSFELKKLWDQTQSKVGLLVSDGGPNLYNIRNLHIPEVCLKWELMDDDYRGRLCNPLNPFVSHKEIDSVNNAVIMPAHGPAKSMEYDAVATTHSWIPKRNRSILNTSQRGILEDEQMYQKCCNLFEKFFPSSSYRRPVGISSMVEAMVSRARIDARVDFESGRIKKEEFAEIMKICSTIEDLRRQK,Russia,09-10,CY083246,H1N1,H1N1 | CY083246 | A/Moscow/WRAIR1627T/2009(H1N1),CY083246|A/Moscow/WRAIR1627T/2009(H1N1)
-N/A-,A/Helsinki/P18/2009,MDVNPTLLFLKIPAQNAISTTFPYTGDPPYSHGTGTGYTMDTVNRTHQYSEKGKWTTNTETGAPQLNPIDGPLPEDNEPSGYAQTDCVLEAMAFLEESHPGIFENSCLETMEVVQQTRVDKLTQGRQTYDWTLNRNQPAATALANTIEVFRSNGLTANESGRLIDFLKDVMESMNKEEIEITTHFQRKRRVRDNMTKKMVTQRTIGKKKQRLNKRGYLIRALTLNTMTKDAERGKLKRRAIATPGMQIRGFVYFVETLARSICEKLEQSGLPVGGNEKKAKLANVVRKMMTNSQDTEISFTITGDNTKWNENQNPRMFLAMITYITRNQPEWFRNILSMAPIMFSNKMARLGKGYMFESKRMKIRTQIPAEMLASIDLKYFNESTKKKIEKIRPLLIDGTASLSPGMMMGMFNMLSTVLGVSILNLGQKKYTKTIYWWDGLQSSDDFALIVNAPNHEGIQAGVDRFYRTCKLVGINMSKKKSYINKTGTFEFTSFFYRYGFVANFSMELPSFGVSGVNESADMSVGVTVIKNNMINNDLGPATAQMALQLFIKDYRYTYRCHXGDTQIQTRRSFELKKLWDQTQSKVGLLVSDGGPNLYNIRNLHIPEVCLKWELMDDDYRGRLCNPLNPFVSHKEIDSVNNAVVMPAHGPAKSMEYDAVATTHSWIPKRNRSILNTSQRGILEDEQMYQKCCNLFEKFFPSSSYRRPVGISSMVEAMVSRARIDARVDFESGRIKKEEFSEIMKICSTIEELRRQK,Finland,09-10,JQ173162,H1N1,H1N1 | JQ173162 | A/Helsinki/P18/2009,JQ173162|A/Helsinki/P18/2009
-N/A-,A/Singapore/KK066/2010(H1N1),MDVNPTLLFLKIPAQNAISTTFPYTGDPPYSHGTGTGYTMDTVNRTHQYSEKGKWTTNTETGAPQLNPIDGPLPEDNEPSGYAQTDCVLEAMAFLEESHPGIFENSCLETMEVVQQTRVDKLTQGRQTYDWTLNRNQPAATALANTIEVFRSNGLTANESGRLIDFLKDVMESMNKEEIEITTHFQRKRRVRDNMTKKMVTQRTIGKKKQRLNKRGYLIRALTLNTMTKDAERGKLKRRAIATPGMQIRGFVYFVEALARSICEKLEQSGLPVGGNEKKAKLANVVRKMMTNSQDTEISFTITGDNTKWNENQNPRMFLAMITYITRNQPEWFRNILSMAPIMFSNKMARLGKGYMFESKRMKIRTQIPAEMLASIDLKYFNESTKKKIEKIRPLLIDGTASLSPGMMMGMFNMLSTVLGVSILNLGQKKYTKTIYWWDGLQSSDDFALIVNAPNHEGIQAGVDRFYRTCKLVGINMSKKKSYINKTGTFEFTSFFYRYGFVANFSMELPSFGVSGVNESADMSIGVTVIKNNMINNDLGPATAQMALQLFIKDYRYTYRCHRGDTQIQTRRSFELKKLWDQTQSKVGLLVSDGGPNLYNIRNLHIPEVCLKWELMDDDYRGRLCNPLNPFVGHKEIDSVNNAVVMPAHGPAKSMEYDAVATTHSWIPKRNRSILNTSQRGILEDEQMYQKCCNLFEKFFPSSSYRRPVGISSMVEAMVSRARIDARVDFESGRIKKEEFSEIMKICSTIEELRRQK,Singapore,-N/A-,CY063846,H1N1,H1N1 | CY063846 | A/Singapore/KK066/2010(H1N1),CY063846|A/Singapore/KK066/2010(H1N1)
-N/A-,A/Nanchang/933/1995,MDVNPTLLFLKVPAQNAISTTFPYTGDPPYSHGTGTGYTMDTVNRTHQYSEKGKWTTNTETGAPQLNPIDGPLPEDNEPSGYAQTDCVLEAMAFLEESHPGIFENSCLETMEVVQQTRVDKLTQGRQTYDWTLSRNQPAATALANTIEVFRSNGLTASESGRLIDFLKDVMESMDKEEIEITTHFQRKRRVRDNMTKKMVTQRTIGKKKQRVNKRSYLIRALTLNTMTKDAERGKLKRRAIATPGMQIRGFVYFVETLARSICEKLEQSGLPVGGNEKKAKLANVVRKMMTNSQDTELSFTITGDNTKWNENQNPRMFLAMITYITKNQPEWFRNILSIAPIMFSNKMARLGKGYMFESKRMKLRTQIPAEMLASIDLKYFNESTRKKIEKIRPLLIDGTASLSPGMMMGMFNMLSTVLGVSILNLGQKKYTKTTYWWDGLQSSDDFALIVNAPNHEGIQAGVDRFYRTCKLVGINMSKKKSYINKTGTFEFTSFFYRYGFVANFSMELPSFGVSGVNESADMSIGVTVIKNNMINNDLGPATAQMALQLFIKDYRYTYRCHRGDTQIQTRRSFELKKLWDQTQSKAGLLVSDGGPNLYNIRNLHIPEVCLKWELMDEDYRGRLCNPLNPFVSHKEIESVNNAVVMPAHGPAKSMEYDAVATTHSWIPKRNRSILNTSQRGILEDEQMYQKCCNLFEKFFPSSSYRRPVGISSMVEAMVSRARIDARIDFESGRIKKEEFSEIMKICSTIEELRRQK,China,-N/A-,CY112795,H3N2,H3N2 | CY112795 | A/Nanchang/933/1995,CY112795|A/Nanchang/933/1995
California,A/California/VRDL353/2009(mixed),FPYTGDPPYSHGTGTGYTMDTVNRTHQYSERGKWTTNTETGAPQLNPIDGPLPEDNEPSGYAQTDCVLEAMAFLEESHPGIFENSCLETMEAVQQTRVDKLTQGRQTYDWTLNRNQPAATALANTIEVFRSNGLTANESGRLIDFLKDVMESMDKEEMEITTHFQRKRRVRDNMTKKMVTQRTIGKKKQRVNKRGYLIRALTLNTMTKDAERGKLKRRAIATPGMQIRGFVYFVETLARSICEKLEQSGLPVGGNEKKAKLANVVRKMMTNSQDTELSXXXXXXXXXXXXXXXXXXXXXXXXXXXXXXXXXXXXXXXXXXXXXXXXXARLGKGYMFESKRMKLRTQIPAEMLASIDLKYFNESTRKKIEKIRPLLIDGTASLSPGMMMGMFNMLSTVLGVSILNLGQKKYTKTTYWWDGLQSSDDFALIVNAPNHEGIQAGVDRFYRTCKLVGINMSKKKSYINKTGTFEFTSFFYRYGFVANFSMELPSFGVSGINESADMSIGVTVIKNNMINNDLGPATXXXXXXXXXXXXXXXXXXXXXXXXXXXXXXXXXXXXXXXTQSRAGLLVSDGGPNLYNIRNLHIPEVCLKWELMDENYRGRLCNPLNPFVSHKEIESVNNAVVMPAHGPAKSMEYDAVATTHSWIPKRNRSILNTSQRGILEDEQMYQKCCNLFEKFFPSSSYRRPIGISSMVEAMVSRARIDARIDFESGRIKKEEFSEIMKICSTIEELRR,USA,08-09,CY092781,Mixed,Mixed | CY092781 | A/California/VRDL353/2009(mixed),CY092781|A/California/VRDL353/2009(mixed)
-N/A-,A/Brazil/AVS11/2011,MDVNPTLLFLKIPAQNAISTTFPYTGDPPYSHGTGTGYTMDTVNRTHQYSEKGKWTTNTETGAPQLNPIDGPLPEDNEPSGYAQTDCVLEAMAFLEESHPGIFENSCLETMEAVQQTRVDKLTQGRQTYDWTLNRNQPAATALANTIEVFRSNGLTANESGRLIDFLKDVMESMNKEEIEITTHFQRKRRVRDNMTRKMVTQRTIGKKKQRLNKRGYLIRALTLNTMTKDAERGKLKRRAIATPGMQIRGFVYFVETLARSICEKLEQSGLPVGGNEKKAKLANVVRKMMTNSQDTEISFTITGDNTKWNENQNPRMFLAMITYITRNQPEWFRNILSMAPIMFSNKMARLGKGYMFESKRMRIRTQIPAEMLASIDLKYFNESTKKKIEKIRPLLIDGTASLSPGMMMGMFNMLSTVLGVSILNLGQKKYTKTTYWWDGLQSSDDFALIVNAPNHEGIQAGVDRFYRTCKLVGINMSKKKSYINKTGTFEFTSFFYRYGFVANFSMELPSFGVSGVNESADMSIGVTVIKNNMINNDLGPATAQMALQLFIKDYRYTYRCHRGDTQIQTRRSFELKKLWDQTQSKVGLLVSDGGPNLYNIRNLHIPEVCLKWELMDDDYRGRLCNPLNPFVSHKEIDSVNNAVVMPAHGPAKSMEYDAVATTHSWIPKRNRSILNTSQRGILEDEQMYQKCCNLFEKFFPSSSYRRPVGISSMVEAMVSRARIDARVDFESGRIKKEEFSEIMKICSTIEELRRQK,Brazil,-N/A-,CY120761,H1N1,H1N1 | CY120761 | A/Brazil/AVS11/2011,CY120761|A/Brazil/AVS11/2011
-N/A-,A/Tessenderlo/INS287/2009(H1N1),MDVNPTLLFLKIPAQNAISTTFPYTGDPPYSHGTGTGYTMDTVNRTHQYSEKGKWTTNTETGAPQLNPIDGPLPEDNEPSGYAQTDCVLEAMAFLEESHPGIFENSCLETMEVVQQTRVDKLTQGRQTYDWTLNRNQPAATALANTIEVFRSNGLTANESGRLIDFLKDVMESMNKEEIEITTHFQRKRRVRDNMTKKMVTQRTIGKKKQRLNKRGYLIRALTLNTMTKDAERGKLKRRAIATPGMQIRGFVYFVETLARSICEKLEQSGLPVGGNEKKAKLANVVRKMMTNSQDTEISFTITGDNTKWNENQNPRMFLAMITYITRNQPEWFRNILSMAPIMFSNKMARLGKGYMFESKRMKIRTQIPAEMLASIGLKYFNESTKKKIEKIRPLLIDGTASLSPGMMMGMFNMLSTVLGVSILNLGQKKYTKTIYWWDGLQSSDDFALIVNAPNHEGIQAGVDRFYRTCKLVGINMSKKKSYINKTGTFEFTSFFYRYGFVANFSMELPSFGVSGVNESADMSIGVTVIKNNMINNDLGPATAQMALQLFIKDYRYTYRCHRGDTQIQTRRSFELKKLWDQTQSKVGLLVSDGGPNLYNIRNLHIPEVCLKWELMDDDYRGRLCNPLNPFVSHKEIDSVNNAVVMPAHGPAKSMEYDAVATTHSWIPKRNRSILNTSQRGILEDEQMYQKCCNLFEKFFPSSSYRRPVGISSMVEAMVSRARIDARVDFESGRIKKEEFSEIMKICSTIEELRRQK,Belgium,09-10,CY066677,H1N1,H1N1 | CY066677 | A/Tessenderlo/INS287/2009(H1N1),CY066677|A/Tessenderlo/INS287/2009(H1N1)
-N/A-,A/Switzerland/9356/2009,MDVNPTLLFLKVPAQNAISTTFPYTGDPPYSHGTGTGYTMDTVNRTHQYSERGRWTTNTETGAPQLNPIDGPLPEDNEPSGYAQTDCVLEAMAFLEESHPGIFENSCLETMEVVQQTRVDKLTQGRQTYDWTLNRNQPAATALANTIEVFRMNSLTANESGRLIDFLKDVMESMDKEEMEITTHFQRKRRIRDNMTKKMVTQRTIGKKKQKLNKKNYLIRALTLNTMTKDAERGKLKRRAIATPGMQIRGFVYFVETLARSICEKLEQSGLPVGGNEKKAKLANVVRKMMTNSQDTELSFTITGDNTKWNENQNPRMFLAMITYITRNQPEWFRNVLSIAPIMFSNKMARLGKGYMFESKSMKLRTQIPAEMLADIDLKYFNESTRKKIEKIRPLLIDGTASLSPGMMMGMFNMLSTVLGVSILNLGQKRYTKTTYWWDGLQSSDDFALIVNAPNHEGIQAGVDRFYRTCKLVGINMSKKKSYINRTGTFEFTSFFYRYGFVANFSMELPSFGVSGVNESADMSIGVTVIKNNMINNDLGPATAQNGSSLFIKDYRYTYRCHRGDTQIQTKRSFELKKLWEQTHSKTGLLVSDGGPNLYNIRNLHIPEVCLKWELMDVDYRGRLCNPLNPFVNHKGIESVNSAMVMPAHGPAKSMEYDAVATTHSWIPKRNRSILNTSQRGILEDDQMYQKCCNLFEKFFPSSSYRRPVGISSMVEAMVSRARIDARIEFESGKIKKEEFAEIMKICSTIEEFKRQK,Switzerland,09-10,CY079535,H1N1,H1N1 | CY079535 | A/Switzerland/9356/2009,CY079535|A/Switzerland/9356/2009
-N/A-,A/Waikato/36/2002,MDVNPTLLFLKVPAQNAISTTFPYTGDPPYSHGTGTGYTMDTVNRTHQYSEKGKWTTNTETGAPQLNPIDGPLPEDNEPSGYAQTDCVLEAMAFLEESHPGIFENSCLETMEVVQQTRVDKLTQGRQTYDWTLNRNQPAATALANTIEVFRSNGLTANESGRLIDFLKDVMESMDKEEIEITTHFQRKRRVRDNMTKKMVTQRTIGKKKQRVNKRGYLIRALTLNTMTKDAERGKLKRRAIATPGMQIRGFVYFVETLARSICEKLEQSGLPVGGNEKKAKLANVVRKMMTNSQDTELSFTITGDNTKWNENQNPRMFLAMITYITKNQPEWFRNILSIAPIMFSNKMARLGKGYMFESKRMKLRTQIPAEMLASIDLKYFNESTRKKIEKIRPLLIDGTASLSPGMMMGMFNMLSTVLGVSILNLGQKKYTKTTYWWDGLQSSDDFALIVNAPNHEGIQAGVDRFYRICKLVGINMSKKKSYINKTGTFEFTSFFYRYGFVANFSMELPSFGVSGINESADMSIGVTVIKNNMINNDLGPATAQMALQLFIKDYRYTYRCHRGDTQIQTRRSFELKKLWDQTQSKAGLLVSDGGPNLYNIRNLHIPEVCVKWELMDEDYRGRLCNPLNPFVSHKEIESVNNAVVMPAHGPAKSMEYDAVATTHSWIPKRNRSILNTSQRGILEDEQMYQKCCNLFEKFFPSSSYRRPVGISSMVEAMVSRARIDARIDFESGRIKKEEFSEIMKICSTIEELRRQK,New Zealand,-N/A-,CY013102,H3N2,H3N2 | CY013102 | A/Waikato/36/2002,CY013102|A/Waikato/36/2002
-N/A-,A/Thailand/CU-H223/2009(H1N1),MDVNPTLLFLKVPAQNAISTTFPYTGDPPYSHGTGTGYTMDTVNRTHQYSERGRWTKNTETGAPQLNPIDGPLPEDNEPSGYAQTDCVLEAMAFLEESHPGIFENSCIETMEVVQQTRVDKLTQGRQTYDWTLNRNQPAATALANTIEVFRSNGLIANESGRLIDFLKDVMESMDRGEVEVTTHFQRKRRVRDNVTKKMVTQRTIGKKKHKLDKRSYLIRALTLNTMTKDAERGKLKRRAIATPGMQIRGFVYFVETLARSICEKLEQSGLPVGGNEKKAKLANVVRKMMTNSQDTEISFTITGDNTKWNENQNPRMFLAMITYITKNQPEWFRNILSIAPIMFSNKMARLGKGYMFESKSMKLRTQIPAEMLANIDLKYFNDSTKKKIEKIRPLLIDGTASLSPGMMMGMFNMLSTVLGVSILNLGQKRYTKTTYWWDGLQSSDDFALIVNAPNYAGIQAGVDRFYRTCKLLGINMSKKKSYINRTGTFEFTSFFYRYGFVANFSMELPSFGVSGVNESADMSIGVTVIKNNMINNDLGPATAQMALQLFIKDYRYTYRCHRGDTQIQTRRSFEIKKLWDQTRSKAGLLVSDGGPNLYNIRNPHIPEVCLKWELMDEDYQGRLCNPLNPFVSHKEIESVNSAVIMPAHGPAKNMEYDAVATTHSWVPKRNRSILNTSQRGILEDEQMYQRCCNLFEKFFPSSSYRRPVGISSMVEAMVSRARIDARIDFESGRIKKEEFAEIMKICSTIEDLRRQK,Thailand,-N/A-,GU183813,H1N1,H1N1 | GU183813 | A/Thailand/CU-H223/2009(H1N1),GU183813|A/Thailand/CU-H223/2009(H1N1)
Texas,A/Texas/JMM_60/2012,MDVNPTLLFLKVPAQNAISTTFPYTGDPPYSHGTGTGYTMDTVNRTHQYSERGKWTTNTETGAPQLNPIDGPLPEDNEPSGYAQTDCVLEAMAFLEESHPGIFENSCLETMEAVQQTRVDKLTQGRQTYDWTLNRNQPAATALANTIEVFRSNGLTANESGRLIDFLKDVMESMDKEEMEITTHFQRKRRVRDNMTKKMVTQRTIGKKKQRVNKRGYLIRALTLNTMTKDAERGKLKRRAIATPGMQIRGFVYFVETLARSICEKLEQSGLPVGGNEKKAKLANVVRKMMTNSQDTELSFTITGDNTKWNENQNPRMFLAMITYITKNQPKWFRNILSIAPIMFSNKMARLGKGYMFESKRMKLRTQIPAEMLASIDLKYFNESTRKKIEKIRPLLIDGTASLSPGMMMGMFNMLSTVLGVSILNLGQKKYTKTTYWWDGLQSSDDFALIVNAPNHEGIQAGVDRFYRTCKLVGINMSKKKSYINKTGTFEFTSFFYRYGFVANFSMELPSFGVSGINESADMSIGVTVIKNNMINNDLGPATAQMALQLFIKDYRYTYRCHRGDTQIQTRRSFEIKKLWDQTQSRTGLLVSDGGPNLYNIRNLHIPEVCLKWELMDENYRGRLCNPLNPFVSHKEIESVNNAVVMPAHGPAKSMEYDAVATTHSWTPKRNRSILNTSQRGILEDEQMYQKCCNLFEKFFPSSSYRRPIGISSMVEAMVSRARIDARIDFESGRIKKEEFSEIMRICSTIEELRRQK,USA,12-13,CY135170,H3N2,H3N2 | CY135170 | A/Texas/JMM_60/2012,CY135170|A/Texas/JMM_60/2012
Massachusetts,A/Boston/14/2007(H3N2),MDVNPTLLFLKVPAQNAISTTFPYTGDPPYSHGTGTGYTMDTVNRTHQYSERGKWTTNTETGAPQLNPIDGPLPEDNEPSGYAQTDCVLEAMAFLEESHPGIFENSCLETMEAVQQTRVDKLTQGRQTYDWTLNRNQPAATALANTIEVFRSNGLTANESGRLIDFLKDVMESMDKEEMEITTHFQRKRRVRDNMTKKMVTQRTIGKKKQRVNKRGYLIRALTLNTMTKDAERGKLKRRAIATPGMQIRGFVYFVETLARSICEKLEQSGLPVGGNEKKAKLANVVRKMMTNSQDTELSFTITGDNTKWNENQNPRMFLAMITYITKNQPEWFRNILSIAPIMFSNKMARLGKGYMFESKRMKIRTQIPAEMLASIDLKYFNESTRKKIEKIRPLLIDGTASLSPGMMMGMFNMLSTVLGVSILNLGQKKYTKTTYWWDGLQSSDDFALIVNAPNHEGIQAGVDRFYRTCKLVGINMSKKKSYINKTGTFEFTSFFYRYGFVANFSMELPSFGVSGINESADMSIGVTVIKNNMINNDLGPATAQMALQLFIKDYRYTYRCHRGDTQIQTRRSFEIKKLWDQTQSRAGLLVSDGGPNLYNIRNLHIPEVCLKWELMDENYRGRLCNPLNPFVSHKEIESVNNAVVMPAHGPAKSMEYDAVATTHSWIPKRNRSILNTSQRGILEDEQMYQKCCNLFEKFFPSSSYRRPIGISSMVEAMVSRARIDARIDFESGRIKKEEFSEIMKICSTIEELRRQK,USA,07-08,CY044498,H3N2,H3N2 | CY044498 | A/Boston/14/2007(H3N2),CY044498|A/Boston/14/2007(H3N2)
Massachusetts,A/Boston/46/2009(H1N1),MDVNPTLLFLKVPAQNAISTTFPYTGDPPYSHGTGTGYTMDTVNRTHQYSERGRWTKNTETGAPQLNPIDGPVPEDNEPSGYAQTDCVLEAMAFLEESHPGIFENSCIETMEVVQQTRVDKLTQGRQTYDWTLNRNQPAATALANTIEVFRSNGLIANESGRLIDFLKDVMESMDRGEVEVTTHFQRKRRVRDNVTKKMVTQRTIGKRKHKLDKRSYLIRALTLNTMTKDAERGKLKRRAIATPGMQIRGFVYFVETLARSICEKLEQSGLPVGGNEKKAKLANVVRKMMTNSQDTEISFTITGDNTKWNENQNPRMFLAMITYITKNQPEWFRNILSIAPIMFSNKMARLGKGYMFESKSMKLRTQIPAEMLANIDLKYFNDSTKKKIEKIRPLLIDGTASLSPGMMMGMFNMLSTVLGVSILNLGQKRYTKTTYWWDGLQSSDDFALIVNAPNYAGIQAGVDRFYRTCKLLGINMSKKKSYINRTGTFEFTSFFYRYGFVANFSMELPSFGVSGVNESADMSIGVTVIKNNMINNDLGPATAQMALQLFIKDYRYTYRCHRGDTQIQTRRSFEIKKLWDQTRSKAGLLVSDGGPNLYNIRNLHIPEVCLKWELMDEDYQGRLCNPLNPFVSHKEIESVNSAVIMPAHGPAKNMEYDAVATTHSWVPKRNRSILNTSQRGILEDEQMYQRCCNLFEKFFPSSSYRRPVGISSMVEAMVSRARIDARIDFESGRIKKEEFAEIMKICSTIEDLRRQK,USA,08-09,CY089089,H1N1,H1N1 | CY089089 | A/Boston/46/2009(H1N1),CY089089|A/Boston/46/2009(H1N1)
California,A/California/VRDL283/2009(H1N1),MDVNPTLLFLKVPAQNAISTTFPYTGDPPYSHGTGTGYTMDTVNRTHQYSERGRWTKNTETGAPQLNPIDGPLPEDNEPSGYAQTDCVLEAMAFLEESHPGIFENSCIETMEVVQQTRVDKLTQGRQTYDWTLNRNQPAATALANTIEVFRSNGLIANESGRLIDFLKDVMESMDRGEVEVTTHFQRKRRVRDNVTKKMVTQRTIGKKKHKLDKRSYLIRALTLNTMTKDAERGKLKRRAIATPGMQIRGFVYFVETLARSICEKLEQSGLPVGGNEKKAKLANVVRKMMTNSQDTEISFTITGDNTKWNENQNPRMFLAMITYITKNQPEWFRNILSIAPIMFSNKMARLGKGYMFESKSMKLRTQIPAEMLANIDLKYFNDSTKKKIEKIRPLLIDGTASLSPGMMMGMFNMLSTVLGVSILNLGQKRYTKTTYWWDGLQSSDDFALIVNAPNYAGIQAGVDRFYRTCKLLGINMSKKKSYINRTGTFEFTSFFYRYGFVANFSIELPSFGVSGVNESADMSIGVTVIKNNMINNDLGPATAQMALQLFIKDYRYTYRCHRGDTQIQTRRSFEIKKLWDQTRSKAGLLVSDGGPNLYNIRNLHIPEVCLKWELMDEDYQGRLCNPLNPFVSHKEIESVNSAVIMPAHGPAKNMEYDAVATTHSWVPKRNRSILNTSQRGILEDEQMYQRCCNLFEKFFPSSSYRRPVGISSMVEAMVSRARIDARIDFESGRIKKEEFAEIMKICSTIEDLRRQK,USA,08-09,CY074457,H1N1,H1N1 | CY074457 | A/California/VRDL283/2009(H1N1),CY074457|A/California/VRDL283/2009(H1N1)
-N/A-,A/Uganda/MUWRP-017/2008,MDVNPTLLFLKVPAQNAISTTFPYTGDPPYSHGTGTGYTMDTVNRTHQYSERGKWTTNTETGAPQLNPIDGPLPEDNEPSGYAQTDCVLEAMAFLEESHPGIFENSCLETMEAVQQTRVDKLTQGRQTYDWTLNRNQPAATALANTIEVFRSNGLTANESGRLIDFLKDVMESMDKEEMEITTHFQRKRRVRDNMTKKMVTQRTIGKKKQRVNKRGYLIRALTLNTMTKDAERGKLKRRAIATPGMQIRGFVYFVETLARSICEKLEQSGLPVGGNEKKAKLANVVRKMMTNSQDTELSFTITGDNTKWNENQNPRMFLAMITYITKNQPEWFRNILSIAPIMFSNKMARLGKGYMFESKRMKLRTQIPAEMLASIDLKYFNESTRKKIEKIRPLLIDGTASLSPGMMMGMFNMLSTVLGVSILNLGQXXYTKTTYWWDGLQSSDDFALIVNAPNHEGIQAGVDRFYRTCKLVGINMSKKKSYINKTGTFEFTSFFYRYGFVANFSMELPSFGVSGINESADMSIGVTVIKNNMINNDLGPATAQMALQLFIKDYRYTYRCHRGDTQIQTRRSFEIKKLWDQTQSRAGLLVSDGGPNLYNIRNLHIPEVCLKWELMDENYRGRLCNPLNPFVSHKEIESVNNAVVMPAHGPAKSMEYDAVATTHSWIPKRNRSILNTSQRGILEDEQMYQKCCNLFEKFFPSSSYRRPIGISSMVEAMVSRARIDARIDFESGRIKKEEFSEIMKICSTIEELRRQK,Uganda,-N/A-,CY087426,H3N2,H3N2 | CY087426 | A/Uganda/MUWRP-017/2008,CY087426|A/Uganda/MUWRP-017/2008
-N/A-,A/Suita/1/1990,MDVNPTLLFLKVPAQNAISTTFPYTGDPPYSHGTGTGYTMDTVNRTHQYSEKGKWTTNTETGAPQLNPIDGPLPEDNEPSGYAQTDCVLEAMAFLEESHPGIFENSCLETMEVVQQTRVDKLTQGRQTYDWTLNRNQPAATALANTIEVFRSNGLTANESGRLIDFLKDVMESMDKEEIEITTHFQRKRRVRDNMTKKMVTQRTIGKKKQRMNKRGYLIRALTLNTMTKDAERGKLKRRAIATPGMQIRGFVYFVETLARSICEKLEQSGLPVGGNEKKAKLANVVRKMMTNSQDTELSFTITGDNTKWNENQNPRMFLAMITYITKNQPEWFRNILSIAPIMFSNKMARLGKGYMFESKRMKLRTQIPAEMLASIDLKYFNESTRKKIEKIRPLLIDGTASLSPGMMMGMFNMLSTVLGVSILNLGQKKYTKTTYWWDGLQSSDDFALIVNAPNHEGIQAGVDRFYRTCKLVGINMSKKKSYINKTGTFEFTSFFYRYGFVANFSMELPSFGVSGINESADMSIGVTVIKNNMINNDLGPATAQMALQLFIKDYRYTYRCHRGDTQIQTRRSFELKKLWDQTQSKAGLLVSDGGPNLYNIRNLHIPEVCLKWELMDEDYQGRLCNPLNPFVSHKEIESVNNAVVMPAHGPAKSMEYDAVATTHSWIPKRNRSILNTSQRGILEDEQMYQKCCNLFEKFFPSSSYRRPVGISSMVEAMVSRARIDARIDFESGRIKKEEFSEIMKICSTIEELRRQK,Japan,-N/A-,CY113531,H3N2,H3N2 | CY113531 | A/Suita/1/1990,CY113531|A/Suita/1/1990
Texas,A/Houston/56829/1992,MDVNPTLLFLKVPAQNAISTTFPYTGDPPYSHGTGTGYTMDTVNRTHQYSEKGKWTTNTETGAPQLNPIDGPLPEDNEPSGYAQTDCVLEAMAFLEESHPGIFENSCLETMEVVQQTRVDKLTQGRQTYDWTLNRNQPAATALANTIEVFRSNGLTANESGRLIDFLKDVMESMDKEEIEITTHFQRKRRVRDNMTKKMVTQRTIGKKKQRVNKRSYLIRTLTLNTMTKDAERGKLKRRAIATPGMQIRGFVYFVETLARSICEKLEQSGLPVGGNEKKAKLANVVRKMMTNSQDTELSFTITGDNTKWNENQNPRMFLAMITYITKNQPEWFRNILSIAPIMFSNKMARLGKGYMFESKRMKLRTQIPAEMLANIDLKYFNESTRKKIEKIRPLLIDGTASLSPGMMMGMFNMLSTVLGVSILNLGQKKYTKTTYWWDGLQSSDDFALIVNAPNHEGIQAGVDRFYRTCKLVGINMSKKKSYINKTGTFEFTSFFYRYGFVANFSMELPSFGVSGINESADMSIGVTVIKNNMINNDLGPATAQMALQLFIKDYRYTYRCHRGDTQIQTRRSFELKKLWDQTQSKAGLLVSDGGPNLYNIRNLHIPEVCLKWELMDEDYQGRLCNPLNPFVSHKEIESVNNAVVMPAHGPAKSMEYDAVATTHSWIPKRNRSILNTSQRGILEDEQMYQKCCNLFEKFFPSSSYRRPVGISSMVEAMVSRARIDARIDFESGRIKKEEFSEIMKICSTIEELRRQK,USA,91-92,CY113707,H3N2,H3N2 | CY113707 | A/Houston/56829/1992,CY113707|A/Houston/56829/1992
-N/A-,A/Paris/467/1991(H3N2),MDVNPTLLFLKVPAQNAISTTFPYTGDPPYSHGTGTGYTMDTVNRTHQYSEKGKWTTNTETGAPQLNPIDGPLPEDNEPSGYAQTDCVLEAMAFLEESHPGIFENSCLETMEVVQQTRVDKLTQGRQTYDWTLNRNQPAATALANTIEVFRLNGLTANESGRLIDFLKDVMESMDKEEIEITTHFQRKRRVRDNMTKKMVTQRTIGKKKQRVNKRGYLIRALTLNTMTKDAERGKLKRRAIATPGMQIRGFVYFVETLARSICEKLEQSGLPVGGNEKKAKLANVVRKMMTNSQDTELSFTITGDNTKWNENQNPRMFLAMITYITKNQPEWFRNILSIAPIMFSNKMARLGKGYMFESKRMKLRTQIPAEMLASIDLKYFNESTRKKIEKIRPLLIDGTASLSPGMMMGMFNMLSTVLGVSILNLGQKKYTKTTYWWDGLQSSDDFALIVNAPNHEGIQAGVDRFYRTCKLVGINMSKKKSYINKTGTFEFTSFFYRYGFVANFSMELPSFGVSGINESADMSIGVTVIKNNMINNDLGPATAQMALQLFIKDYRYTYRCHRGDTQIQTRRSFELKKLWDQTQSKAGLLVSDGGPNLYNIRNLHIPEVCLKWELMDEDYQGRLCNPLNPFVSHKEIESVNNAVVMPAHGPAKSMEYDAVATTHSWIPKRNRSILNTSQRGILEDEQMYQKCCNLFEKFFPSSSYRRPVGISSMVEAMVSRARIDARIDFESGRIKKEEFSEIMKICSTIEELRRQK,France,91-92,CY113835,H3N2,H3N2 | CY113835 | A/Paris/467/1991(H3N2),CY113835|A/Paris/467/1991(H3N2)
-N/A-,A/Sakai/2/2009(H1N1),MDVNPTLLFLKIPAQNAISTTFPYTGDPPYSHGTGTGYTMDTVNRTHQYSEKGKWTTNTETGAPQINPIDGPLPEDNEPSGYAQTDCVLEAMAFLEESHPGIFENSCLETMEVVQQTRVDKLTQGRQTYDWTLNRNQPAATALANTIEVFRSNGLTANESGRLIDFLKDVMESMNKEEIEITTHFQRKRRVRDNMTKKMVTQRTIGKKKQRLNKRGYLIRALTLNTMTKDAERGKLKRRAIATPGMQIRGFVYFVETLARSICEKLEQSGLPVGGNEKKAKLANVVRKMMTNSQDTEISFTITGDNTKWNENQNPRMFLAMITYITRNQPEWFRNILSMAPIMFSNKMARLGKGYMFESKRMKIRTQIPAEMLASIDLKYFNESTKKKIEKIRPLLIDGTASLSPGMMMGMFNMLSTVLGVSILNLGQKKYTKTIYWWDGLQSSDDFALIVNAPNHEGIQAGVDRFYRTCKLVGINMSKKKSYINKTGTFEFTSFFYRYGFVANFSMELPSFGVSGVNESADMIIGVTVIKNNMINNDLGPATAQMALQLFIKDYRYTYRCHRGDTQIQTRRSFELKKLWDQTQSKVGLLVSDGGPNLYNIRNLHIPEVCLKWELMDDDYRGRLCNPLNPFVSHKEIDSVNNAVVMPAHGPAKSMEYDAVATTHSWTPKRNRSILNTSQRGILEDEQMYQKCCNLFEKFFPSSSYRRPVGISSMVEAMVSRARIDARVDFESGRIKKEEFSEIMKICSTIEELRRQK,Japan,08-09,GQ267850,H1N1,H1N1 | GQ267850 | A/Sakai/2/2009(H1N1),GQ267850|A/Sakai/2/2009(H1N1)
Washington,A/Washington/75/2009,MDVNPTLLFLKIPVQNAISTTFPYTGDPPYSHGTGTGYTMDTVNRTHQYSEKGKWTTNTETGAPQLNPIDGPLPEDNEPSGYAQTDCVLEAMAFLEESHPGIFENSCLETMEVVQQTRVDKLTQGRQTYDWTLNRNQPAATALANTIEVFRSNGLTANESGRLIDFLKDVMESMNKEEIEITTHFQRKRRVRDNMTKKMVTQRTIGKKKQRLNKRGYLIRALTLNTMTKDAERGKLKRRAIATPGMQIRGFVYFVETLARSICEKLEQSGLPVGGNEKKAKLANVVRKMMTNSQDTEISFTITGDNTKWNENQNPRMFLAMITYITRNQPEWFRNILSMAPIMFSNKMARLGKGYMFESKRMKIRTQIPAEMLASIDLKYFNESTKKKIEKIRPLLIDGTASLSPGMMMGMFNMLSTVLGVSILNLGQKKYTKTVYWWDGLQSSDDFALIVNAPNHEGIQAGVDRFYRTCKLVGINMSKKKSYINKTGTFEFTSFFYRYGFVANFSMELPSFGVSGVNESADMSIGVTVIKNNMINNDLGPATAQMALQLFIKDYRYTYRCHRGDTQIQTRRSFELKKLWDQTQSKVGLLVSDGGPNLYNIRNLHIPEVCLKWELMDDDYRGRLCNPLNPFVSHKEIDSVNNAVVMPAHGPAKSMEYDAVATTHSWIPKRNRSILNTSQRGILEDEQMYQKCCNLFEKFFPSSSYRRPVGISSMVEAMVSRARIDARVDFESGRIKKEEFSEIMKICSTIEELRRQK,USA,09-10,KC780056,H1N1,H1N1 | KC780056 | A/Washington/75/2009,KC780056|A/Washington/75/2009
-N/A-,A/Malaysia/07831/1995(H3N2),MDVNPTLLFLKVPAQNAISTTFPYTGDPPYSHGTGTGYTMDTVNRTHQYSEKGKWTTNTETGAPQLNPIDGPLPEDNEPSGYAQTDCVLEAMAFLEESHPGIFENSCLETMEVVQQTRVDKLTQGHQTYDWTLNRNQPAATALANTIEVFRSNGLTASESGRLIDFLKDVMESMDKEEIEITTHFQRKRRVRDNMTKKMVTQRTIGKKKQRVNKRSYLIRALTLNTMTKDAERGKLKRRAIATPGMQIRGFVYFVETLARSICEKLEQSGLPVGGNEKKAKLANVVRKMMTNSQDTELSFTITGDNTKWNENQNPRMFLAMITYITKNQPEWFRNILSIAPIMFSNKMARLGKGYMFESKRMKLRTQIPAEMLASIDLKYFNESTRKKIEKIRPLLIDGTASLSPGMMMGMFNMLSTVLGVSILNLGQKKYTKTTYWWDGLQSSDDFALIVNAPNHEGIQAGVDRFYRTCKLVGINMSKKKSYINKTGTFEFTSFFYRYGFVANFSMELPSFGVSGVNESADMSIGVTVIKNNMINNDLGPATAQMALQLFIKDYRHTYRCHRGDTQIQTRRSFELKKLWDQTQSKAGLLVSDGGPNLYNIRNLHIPEVCLKWELMDEDYRGRLCNPLNPFVSHKEIESVNNAVVMPAHGPAKSMEYDAVATTHSWIPKRNRSILNTSQRGILEDEQMYQKCCNLFEKFFPSSSYRRPVGISSMVEAMVSRARIDARIDFESGRIKKEEFSEIMKICSTIEELRRQK,Malaysia,-N/A-,CY118432,H3N2,H3N2 | CY118432 | A/Malaysia/07831/1995(H3N2),CY118432|A/Malaysia/07831/1995(H3N2)
Massachusetts,A/Boston/633/2009,MDVNPTLLFLKIPAQNAISTTFPYTGDPPYSHGTGTGYTMDTVNRTHQYSEKGKWTTNTETGAPQLNPIDGPLPEDNEPSGYAQTDCVLEAMAFLEESHPGIFENSCLETMEVVQQTRVDKLTQGRQTYDWTLNRNQPAATALANTIEVFRSNGLTANESGRLIDFLKDVMESMNKEEIEITTHFQRKRRVRDNMTKKMVTQRTIGKKKQRLNKRGYLIRALTLNTMTKDAERGKLKRRAIATPGMQIRGFVYFVETLARSICEKLEQSGLPVGGNEKKAKLANVVRKMMTNSQDTEISFTITGDNTKWNENQNPRMFLAMITYITRNQPEWFRNILSMAPIMFSNKMARLGKGYMFESKRMKIRTQIPVEMLASIDLKYFNESTKKKIEKIRPLLIDGTASLSPGMMMGMFNMLSTVLGVSILNLGQKKYTKTIYWWDGLQSSDDFALIVNAPNHEGIQAGVDRFYRTCKLVGINMSKKKSYINKTGTFEFTSFFYRYGFVANFSMELPSFGVSGVNESADMSIGVTVIKNNMINNDLGPATAQMALQLFIKDYRYTYRCHKGDTQIQTRRSFELKKLWDQTQSKVGLLVSDGGPNLYNIRNLHIPEVCLKWELMDDDYRGRLCNPLNPFVSHKEIDSVNNAVVMPAHGPAKSMEYDAVATTHSWIPKRNRSILNTSQRGILEDEQMYQKCCNLFEKFFPSSSYRRPVGISSMVEAMVSRARIDARVDFESGRIKKEEFSEIMKICSTIEELRRQK,USA,09-10,CY089241,H1N1,H1N1 | CY089241 | A/Boston/633/2009,CY089241|A/Boston/633/2009
-N/A-,A/Sydney/329Q/2003,MDVNPTLLFLKVPAQNAISTTFPYTGDPPYSHGTGTGYTMDTVNRTHQYSEKGKWTTNTETGAPQLNPIDGPLPEDNEPSGYAQTDCVLEAMAFLEESHPGIFENSCLETMEVVQQTRVDKLTQGRQTYDWTLNRNQPAATALANTIEVFRSNGLTANESGRLIDFLKDVMESMDKEEIEITTHFQRKRRVRDNMTKKMVTQRTIGKKKQRVNKRGYLIRALTLNTMTKDAERGKLKRRAIATPGMQIRGFVYFVETLARSICEKLEQSGLPVGGNEKKAKLANVVRKMMTNSQDTELSFTITGDNTKWNENQNPRMFLAMITYITKNQPEWFRNILSIAPIMFSNKMARLGKGYMFESKRMKLRTQIPAEMLASIDLKYFNESTRKKIEKIRPLLIDGTASLSPGMMMGMFNMLSTVLGVSILNLGQKKYTKTTYWWDGLQSSDDFALIVNAPNHEGIQAGVDRFYRICKLVGINMSKKKSYINKTGTFEFTSFFYRYGFVANFSMELPSFGVSGINESADMSIGVTVIKNNMINNDLGPATAQMALQLFIKDYRYTYRCHRGDTQIQTRRSFELKKLWDQTQSKAGLLVSDGGPNLYNIRNLHIPEVCLKWELMDEDYRGRLCNPLNPFVSHKEIESVNNAVVMPAHGPAKSMEYDAVTTTHSWIPKRNRSILNTSQRGILEDEQMYQKCCNLFEKFFPSSSYRRPVGISSMVEAMVSRARIDARIDFESGRIKKEEFSEIMKICSTIEELRRQK,Australia,-N/A-,HQ325789,H3N2,H3N2 | HQ325789 | A/Sydney/329Q/2003,HQ325789|A/Sydney/329Q/2003
California,A/California/NHRC0001/2005(H3N2),MDVNPTLLFLKVPAQNAISTTFPYTGDPPYSHGTGTGYTMDTVNRTHQYSEKGKWTTNTETGAPQLNPIDGPLPEDNEPSGYAQTDCVLEAMALLEESHPGIFENSCLETMEAVQQTRVDKLTQGRQTYDWTLNRNQPAATALANTIEVFRSNGLTANESGRLIDFLKDVMESMDKEEMEITTHFQRKRRVRDNMTKKMVTQRTIGKKKQRVNKRGYLIRALTLNTMTKDAERGKLKRRAIATPGMQIRGFVYFVETLARSICEKLEQSGLPVGGNEKKAKLANVVRKMMTNSQDTELSFTITGDNTKWNENQNPRMFLAMITYITKNQPEWFRNILSIAPIMFSNKMARLGKGYMFESKRMKLRTQIPAEMLASIDLKYFNESTRKKIEKIRPLLIDGTASLSPGMMMGMFNMLSTVLGVSILNLGQKKYTKTTYWWDGLQSSDDFALIVNAPNHEGIQAGVDRFYRTCKLVGINMSKKKSYINKTGTFEFTSFFYRYGFVANFSMELPSFGVSGINESADMSIGVTVIKNNMINNDLGPATAQMALQLFIKDYRYTYRCHRGDTQIQTRRSFELKKLWDQTQSRAGLLVSDGGPNLYNIRNLHIPEVCLKWELMDENYRGRLCNPLNPFVSHKEIESVNNAVVMPAHGPAKSMEYDAVATTHSWIPKRNRSILNTSQRGILEDEQMYQKCCNLFEKFFPSSSYRRPIGISSMVEAMVSRARIDARIDFESGRIKKEEFSEIMKICSTIEELRRQK,USA,05-06,CY091019,H3N2,H3N2 | CY091019 | A/California/NHRC0001/2005(H3N2),CY091019|A/California/NHRC0001/2005(H3N2)
Nebraska,A/Nebraska/23/2009,MDVNPTLLFLKIPAQNAISTTFPYTGDPPYSHGTGTGYTMDTVNRTHQYSEKGKWTTNTETGAPQLNPIDGPLPEDNEPSGYAQTDCVLEAMAFLEESHPGIFESSCLETMEVVQQTRVDKLTQGRQTYDWTLNRNQPAATALANTIEVFRSNGLTANESGRLIDFLKDVMESMNKEEIEITTHFQRKRRVRDNMTKKMVTQRTIGKKKQRLNKRGYLIRALTLNTMTKDAERGKLKRRAIATPGMQIRGFVYFVETLARSICEKLEQSGLPVGGNEKKAKLANVVRKMMTNSQDTEISFTITGDNTKWNENQNPRMFLAMITYITRNQPEWFRNILSMAPIMFSNKMARLGKGYMFESKRMKIRTQIPAEMLASIDLKYFNESTKKKIEKIRPLLIDGTASLSPGMMMGMFNMLSTVLGVSILNLGQKKYTKTIYWWDGLQSSDDFALIVNAPNHEGIQAGVDRFYRTCKLVGINMSKKKSYINKTGTFEFTSFFYRYGFVANFSMELPSFGVSGVNESADMSIGVTVIKNNMINNDLGPATAQMALQLFIKDYRYTYRCHRGDTQIQTRRSFELKKLWDQTQSKVGLLVSDGGPNLYNIRNLHIPEVCLKWELMDDDYRGRLCNPLNPFVSHKEIDSVNNAVVMPAHGPAKSMEYDAVATTHSWIPKRNRSILNTSQRGILEDEQMYQKCCNLFEKFFPSSSYRRPVGISSMVEAMVSRARIDARVDFESGRIKKEEFSEIMKICSTIEELRRQK,USA,09-10,KC780669,H1N1,H1N1 | KC780669 | A/Nebraska/23/2009,KC780669|A/Nebraska/23/2009
-N/A-,A/Madrid/INS131/2009(H1N1),MDVNPTLLFLKIPAQNAISTTFPYTGDPPYSHGTGTGYTMDTVNRTHQYSEKGKWTTNTETGAPQLNPIDGPLPEDNEPSGYAQTDCVLEAMAFLEESHPGIFENSCLETMEVVQQTRVDKLTQGLQTYDWTLNRNQPAATALANTIEVFRSNGLTANESGRLIDFLKDVMESMNKEEIEITTHFQRKRRVRDNMTKKMVTQRTIGKKKQRLNKRGYLIRALTLNTMTKDAERGKLKRRAIATPGMQIRGFVYFVETLARSICEKLEQSGLPVGGNEKKAKLANVVRKMMTNSQDTEISFTITGDNTKWNENQNPRMFLAMITYITRNQPEWFRNILSMAPIMFSNKMARLGKGYMFESKRMKIRTQIPAEMLASIDLKYFNESTKKKIEKIRPLLIDGTASLSPGMMMGMFNMLSTVLGVSILNLGQKKYTKTIYWWDGLQSSDDFALIVNAPNHEGIQAGVDRFYRTCKLVGINMSKKKSYINKTGTFEFTSFFYRYGFVANFSMELPSFGVSGVNESADMSIGVTVIKNNMINNDLGPATAQMALQLFIKDYRYTYRCHRGDTQIQTRRSFELKKLWDQTQSKVGLLVSDGGPNLYNIRNLHIPEVCLKWELMDDDYRGRLCNPLNPFVSHKEIDSVNNAVVMPAHGPAKSMEYDAVATTHSWIPKRNRSILNTSQRGILEDEQMYQKCCNLFEKFFPSSSYRRPVGISSMVEAMVSRARIDARVDFESGRIKKEEFSEIMKICSTIEELRRQK,Spain,09-10,CY062761,H1N1,H1N1 | CY062761 | A/Madrid/INS131/2009(H1N1),CY062761|A/Madrid/INS131/2009(H1N1)
-N/A-,A/Chita/RII08/2012(H1N1),MDVNPTLLFLKIPAQNAISTTFPYTGDPPYSHGTGTGYTMDTVNRTHQYSEKGKWTTNTETGAPQLNPIDGPLPEDNEPSGYAQTDCVLEAMAFLEESHPGIFENSCLETMEVVQQTRVDKLTQGRQTYDWTLNRNQPAATALANTIEVFRSNGLTANESGRLIDFLKDVMESMNKEEIEITTHFQRKRRVRDNMTKKMVTQRTIGKKKQKLNKRGYLIRALTLNTMTKDAERGKLKRRAIATPGMQIRGFVYFVETLARSICEKLEQSGLPVGGNEKKAKLANVVRKMMTNSQDTEISFTITGDNTKWNENQNPRMFLAMITYITRNQPEWFRNILSMAPIMFSNKMARLGKGYMFESKKMKIRTQIPAEMLASIDLKYFNESTKKKIEKIRPLLIDGTASLSPGMMMGMFNMLSTVLGVSILNLGQKKYTKTIYWWDGLQSSDDFALIVNAPNHEGIQAGVDRFYRTCKLVGINMSKKKSYINKTGTFEFTSFFYRYGFVANFSMELPSFGVSGVNESADMSIGVTVIKNNMINNDLGPATAQMALQLFIKDYRYTYRCHRGDTQIQTRRSFELKKLWDQTQSKVGLLVSDGGPNLYNIRNLHIPEVCLKWELMDDDYRGRLCNPLNPFVSHKEIDSVNNAVVMPAHGPVKSMEYDAVATTHSWIPKRNRSILNTSQRGILEDEQMYQKCCNLFEKFFPSSSYRRPVGISSMVEAMVSRARIDARVDFESGRIKKEEFSEIMKICSTIEELRRQK,Russia,11-12,KC488877,H1N1,H1N1 | KC488877 | A/Chita/RII08/2012(H1N1),KC488877|A/Chita/RII08/2012(H1N1)
-N/A-,A/Shanghai/1/2006,MDVNPTLLFLKVPVQNAISTTFPYTGDPPYSHGTGTGYTMDTVNRTHQYSEKGKWTTNTETGAPQLNPIDGPLPEDNEPSGYAQTDCVLEAMAFLEESHPGIFENSCLETMEIVQQTRVDKLTQGRQTYDWTLNRNQPAATALANTIEIFRSNGLTANESGRLIDFLKDVMESMDKEEMEITTHFQRKRRVRDNMTKKMVTQRTIGKKKQRLNKRSYLIRALTLNTMTKDAERGKLKRRAIATPGMQIRGFVYFVETLARSICEKLEQSGLPVGGNEKKAKLANVVRKMMTNSQDTELSFTITGDNTKWNENQNPRIFLAMITYITRNQPEWFRNVLSIAPIMFSNKMARLGKGYMFESKSMKLRTQIPAEMLANIDLKYFNELTKKKIEKIRPLLIDGTASLSPGMMMGMFNMLSTVLGVSILNLGLKRYTKTTYWWDGLQSSDDFALIVNAPNHEGIQAGVDRFYRTCKLVGINMSKKKSYINRTGTFEFTSFFYRYGFVANFSMELPSFGVSGINESADMSIGVTVIKNNMINNDLGPATAQMALQLFIKDYRYTYRCHRGDTQIQTRRSFELKKLWEQTRSKAGLLVSDGGPNLYNIRNLHIPEVCLKWELMDEDYQGRLCNPLNPFVSHKEIESFNNAIVMPAHGPAKSMEYDAVATTHSWIPKRNRSILNTSQRGILEDEQMYQKCCNLFEKFFPSSSYRRPVGISSMVEAMVSRARIDARIDFESGRIKKEEFAEIMKICSTIEELRRQ,China,-N/A-,CY098632,H5N1,H5N1 | CY098632 | A/Shanghai/1/2006,CY098632|A/Shanghai/1/2006
-N/A-,A/Zhejiang/87/2009,MDVNPTLLFLKIPAQNAISTTFPYTGDPPYSHGTGTGYTMDTVNRTHQYSEKGKWTTNTETGAPQLNPIDGPLPEDNEPSGYAQTDCVLEAMAFLEESHPGIFENSCLETMEVVQQTRVDKLTQGRQTYDWTLNRNQPAATALANTIEVFRSNGLTANESGRLIDFLKDVMESMNKEEIEITTHFQRKRRVRDNMTKKMVTQRTIGKKKQRLNKRGYLIRALTLNTMTKDAERGKLKRRAIATPGMQIRGFVYFVETLARSICEELEQSGLPVGGNEKKAKLANVVRKMMTNSQDTEISFTITGDNTKWNENQNPRMFLAMITYITRNQPEWFRNILSMAPIMFSNKMARLGKGYMFESKRMKIRTQIPAEMLASIDLKYFNESTKKKIEKIRPLLIDGTASLSPGMMMGMFNMLSTVLGVSILNLGQKKYTKTIYWWDGLQSSDDFALIVNAPNHEGIQAGVDRFYRTCKLVGINMSKKKSYINKTGTFEFTSFFYRYGFVANFSMELPSFGVSGVNESADMSIGVTVIKNNMINNDLGPATAQMALQLFIKDYRYTYRCHRGDTQIQTRRSFELKKLWDQTQSKVGLLVSDGGPNLYNIRNLHIPEVCLKWELMDDDYRGRLCNPLNLFVSHKEIDSVNNAVVMPAHGPAKSMEYDAVATTHSWIPKRNRSILNTSQRGILEDEQMYQKCCNLFEKFFPSSSYRRPVGISSMVEAMVSRARIDARVDFESGRIKKEEFSEIMKICSTIEELRRQK,China,-N/A-,CY095961,H1N1,H1N1 | CY095961 | A/Zhejiang/87/2009,CY095961|A/Zhejiang/87/2009
-N/A-,A/Guam/NHRC0024/2009(H1N1),MDVNPTLLFLKIPAQNAISTTFPYTGDPPYSHGTGTGYTMDTVNRTHQYSEKGKWTTNTETGAPQLNPIDGPLPEDNEPSGYAQTDCVLEAMAFLEESHPGIFENSCLETMEVVQQTRVDKLTQGRQTYDWTLNRNQPAATALANTIEVFRSNGLTANESGRLIDFLKDVMESMNKEEIEITTHFQRKRRVRDNMTKKMVTQRTIGKKKQRLNKRGYLIRALTLNTMTKDAERGKLKRRAIATPGMQIRGFVHFVETLARSICEKLEQSGLPVGGNEKKAKLANVVRKMMTNSQDTEISFTITGDNTKWNENQNPRMFLAMITYITRNQPEWFRNILSMAPIMFSNKMARLGKGYMFESKRMKIRTQIPAEMLASIDLKYFNESTKKKIEKIRPLLIDGTASLSPGMMMGMFNMLSTVLGVSILNLGQKKYTKTIYWWDGLQSSDDFALIVNAPNHEGIQAGVDRFYRTCKLVGINMSKKKSYINKTGTFEFTSFFYRYGFVANFSMELPSFGVSGVNESADMSIGVTVIKNNMINNDLGPATAQMALQLFIKDYRYTYRCHRGDTQIQTRRSFELKKLWDQTQSKVGLLVSDGGPNLYNIRNLHIPEVCLKWELMDDDYRGRLCNPLNPFVSHKEIDSVNNAVVMPAHGPAKIMEYDAVATTHSWIPKRNRSILNTSQRGILEDEQMYQKCCNLFEKFFPSSSYRRPVGISSMVEAMVSRARIDARVDFESGRIKKEEFSEIMKICSTIEELRRQK,Guam,-N/A-,CY069080,H1N1,H1N1 | CY069080 | A/Guam/NHRC0024/2009(H1N1),CY069080|A/Guam/NHRC0024/2009(H1N1)
-N/A-,A/Taiwan/143/2009(H1N1),MDVNPTLLFLKIPAQNAISTTFPYTGDPPYSHGTGTGYTMDTVNRTHQYSEKGKWTTNTETGAPQLNPIDGPLPEDNEPSGYAQTDCVLEAMAFLEESHPGIFENSCLETMEVVQQTRVDKLTQGRQTYDWTLNRNQPAATALANTIEVFRSNGLTANESGRLIDFLKDVMESMNKEEIEITTHFQRKRRVRDNMTKKMVTQRTIGKKKQRLNKRGYLIRALTLNTMTKDAERGKLKRRAIATPGMQIRGFVYFVEALARSICEKLEQSGLPVGGNEKKAKLANVVRKMMTNSQDTEISFTITGDNTKWNENQNPRMFLAMITYITRNQPEWFRNILSMAPIMFSNKMARLGKGYMFESKRMKIRTQIPAEMLASIDLKYFNESTKKKIEKIRPLLIDGTASLSPGMMMGMFNMLSTVLGVSILNLGQKKYTKTIYWWDGLQSSDDFALIVNAPNHEGIQAGVDRFYRTCKLVGINMSKKKSYINKTGTFEFTSFFYRYGFVANFSMELPSFGVSGVNESADMSIGVTVIKNNMINNDLGPATAQMALQLFIKDYRYTYRCHRGDTQIQTRRSFELKKLWDQTQSKVGLLVSDGGPNLYNIRNLHIPEVCLKWELMDDDYRGRLCNPLNPFVSHKEIDSVNNAVVMPAHGPAKSMEYDAVATTHSWIPKRNRSILNTSQRGILEDEQMYQKCCHLFEKFFPSSSYRRPVGISSMVEAMVSRARIDARVDFESGRIKKEEFSEIMKICSTIEELRRQK,Taiwan,-N/A-,CY053472,H1N1,H1N1 | CY053472 | A/Taiwan/143/2009(H1N1),CY053472|A/Taiwan/143/2009(H1N1)
-N/A-,A/Denmark/205/2000(H3N2),MDVNPTLLFLKVPAQNAISTTFPYTGDPPYSHGTGTGYTMDTVNRTHQYSEKGKWTTNTETGAPQLNPIDGPLPEDNEPSGYAQTDCVLEAMAFLEESHPGIFENSCLETIEVVQQTRVDKLTQGRQTYDWTLNRNQPAATALANTIEVFRSNGLTANESGRLIDFLKDVMESMDKEEMEITTHFQRKRRVRDNMTKKMVTQRTIGKKKQRVNKRGYLIRALTLNTMTKDAERGKLKRRAIATPGMQIRGFVYFVETLARSICEKLEQSGLPVGGNEKKAKLANVVRKMMTNSQDTELSFTITGDNTKWNENQNPRMFLAMITYITKNQPEWFRNILSIAPIMFSNKMARLGRGYMFESKRMKLRTQIPAEMLASIDLKYFNESTRKKIEKIRPLLIDGTASLSPGMMMGMFNMLSTVLGVSILNLGQKKYTKTTYWWDGLQSSDDFALIVNAPNHEGIQAGVDRFYRTCKLVGINMSKKKSYINKTGTFEFTSFFYRYGFVANFSMELPSFGVSGINESADMSIGVTVIKNNMINNDLGPATAQMALQLFIKDYRYTYRCHRGDTQIQTRRSFELKKLWDQTQSRAGLLVSDGGPNLYNIRNLHIPEVCLKWELMDEDYRGRLCNPLNPFVSHKEIESVNNAVVMPAHGPAKSMEYDAVATTHSWIPKRNRSILNTSQRGILEDEQMYQKCCNLFEKFFPSSSYRRPVGISSMVEAMVSRARIDARIDFESGRIKKEEFSEIIKICSTIEELRRQK,Denmark,-N/A-,EU097783,H3N2,H3N2 | EU097783 | A/Denmark/205/2000(H3N2),EU097783|A/Denmark/205/2000(H3N2)
-N/A-,A/Waikato/129/2003,MDVNPTLLFLKVPAQNAISTTFPYTGDPPYSHGTGTGYTMDTVNRTHQYSEKGKWTTNTETGAPQLNPIDGPLPEDNEPSGYAQTDCVLEAMAFLEESHPGIFENSCLETMEVVQQTRVDKLTQGRQTYDWTLNRNQPAATALANTIEVFRSNGITANESGRLIDFLKDVMESMDKEEIEITTHFQRKRRVRDNMTKKMVTQRTIGKKKQRVNKRGYLIRALTLNTMTKDAERGKLKRRAIATPGMQIRGFVYFVETLARSICEKLEQSGLPVGGNEKKAKLANVVRKMMTNSQDTELSFTITGDNTKWNENQNPRMFLAMITYITKNQPEWFRNILSIAPIMFSNKMARLGKGYMFESKRMKLRTQIPAEMLASIDLKYFNESTRKKIEKIRPLLIDGTASLSPGMMMGMFNMLSTVLGVSILNLGQKKYTKTTYWWDGLQSSDDFALIVNAPNHEGIQAGVDRFYRICKLVGINMSKKKSYINKTGTFEFTSFFYRYGFVANFSMELPSFGVSGINESADMSIGVTVIKNNMINNDLGPATAQMALQLFIKDYRYTYRCHRGDTQIQTRRSFELKKLWDQTQSKAGLLVSDGGPNLYNIRNLHIPEVCLKWELMDEDYRGRLCNPLNPFVSHKEIESVNNAVVMPAHGPAKSMEYDAVATTHSWIPKRNRSILNTSQRGILEDEQMYQKCCNLFEKFFPSSSYRRPVGISSMVEAMVSRARIDARIDFESGRIKKEEFSEIMKICSTIEELRRQK,New Zealand,-N/A-,CY012398,H3N2,H3N2 | CY012398 | A/Waikato/129/2003,CY012398|A/Waikato/129/2003
Texas,A/Texas/45103737/2009(H1N1),MDVNPTLLFLKIPAQNAISTTFPYTGDPPYSHGTGTGYTMDTVNRTHQYSEKGKWTTNTETGAPQLNPIDGPLPEDNEPSGYAQTDCVLEAMAFLEESHPGIFENSCLETMEVVQQTRVDKLTQGRQTYDWTLNRNQPAATALANTIEVFRSNGLTANESGRLIDFLKDVMESMNKEEIEITTHFQRKRRVRDNMTKKMVTQRTIGKKKQRLNKRGYLIRALTLNTMTKDAERGKLKRRAIATPGMQIRGFVYFVETLARSICEKLEQSGLPVGGNEKKAKLANVVRKMMTNSQDTEISFTITGDNTKWNENQNPRMFLAMITYITRNQPEWFRNILSMAPIMFSNKMARLGKGYMFESKRMKIRTQIPAEMLASIDLKYFNESTKKKIEKIRPLLIDGTASLSPGMMMGMFNMLSTVLGVSILNLGQKKYTKTIYWWDGLQSSDDFALIVNAPNHEGIQAGVDRFYRTCKLVGINMSKKKSYINKTGTFEFTSFFYRYGFVANFSMELPSFGVSGVNESADMSIGITVIKNNMINNDLGPATAQMALQLFIKDYRYTYRCHRGDTQIQTRRSFELKRLWDQTQSKAGLLVSDGGPNLYNIRNLHIPEVCLKWELMDDDYRGRLCNPLNPFVSHKEIDSVNNAVVMPAHGPAKSMEYDAVATTHSWIPKRNRSILNTSQRGILEDEQMYQKCCNLFEKFFPSSSYRRPVGISSMVEAMVSRARIDARVDFESGRIKKEEFSEIMKICSTIEELRRQK,USA,08-09,CY052517,H1N1,H1N1 | CY052517 | A/Texas/45103737/2009(H1N1),CY052517|A/Texas/45103737/2009(H1N1)
-N/A-,A/Malaysia/1768035/2007,MDVNPTLLFLKVPAQNAISTTFPYTGDPPYSHGTGTGYTMDTVNRTHQYSEKGKWTTNTETGAPQLNPIDGPLPEDNEPSGYAQTDCVLEAMAFLEESHPGIFENSCLETMEVVQQTRVDKLTQGRQTYDWTLNRNQPAATALANTIEVFRSNGLTANESGRLIDFLKDVMESMDKEEMEITTHFQRKRRVRDNMTKKMVTQRTIGKKKQRVNKRGYLIRALTLNTMTKDAERGKLKRRAIATPGMQIRGFVYFVETLARSICEKLEQSGLPVGGNEKKAKLANVVRKMMTNSQDTELSFTITGDNTKWNENQNPRMFLAMITYITKNQPEWFRNILSIAPIMFSNKMARLGKGYMFESKRMKLRTQIPAEMLASIDLKYFNESTRKKIEKIRPLLIDGTASLSPGMMMGMFNMLSTVLGVSILNLGQKKYTKTTYWWDGLQSSDDFALIVNAPNHEGIQAGVDRFYRTCKLVGINMSKKKSYINKTGTFEFTSFFYRYGFVANFSMELPSFGVSGINESADMSIGVTVIKNNMINNDLGPATAQMALQLFIKDYRYTYRCHRGDTQIQTRRSFELKKLWDQTQSRAGLLVSDGGPNLYNIRNLHIPEVCLKWELMDENYRGRLCNPLNPFVSHKEIESVNNAVVMPAHGPAKNMEYDAVATTHSWIPKRNRSILNTSQRGILEDEQMYQKCCNLFEKFFPSSSYRRPIGISSMVEAMVSRARIDARIDFESGRIKKEEFSEIMKICSTIEELRRQK,Malaysia,-N/A-,CY118984,H3N2,H3N2 | CY118984 | A/Malaysia/1768035/2007,CY118984|A/Malaysia/1768035/2007
-N/A-,A/Ontario/315015/2009(H1N1),MDVNPTLLFLKIPAQNAISTTFPYTGDPPYSHGTGTGYTMDTVNRTHQYSEKGKWTTNTETGAPQLNPIDGPLPEDNEPSGYAQTDCVLEAMAFLEESHPGIFENSCLETMEVVQQTRVDKLTQGRQTYDWTLNRNQPAATALANTIEVFRSNGLTANESGRLIDFLKDVMESMNKEEIEITTHFQRKRRVRDNMTKKMVTQRTIGKKKQRLNKRGYLIRALTLNTMTKDAERGKLKRRAIATPGMQIRGFVYFVETLARSICEKLEQSGLPVGGNEKKAKLANVVRKMMTNSQDTEISFTITGDNTKWNENQNPRMFLAMITYITRNQPEWFRNILSMAPIMFSNKMARLGKGYMFESKRMKIRTQIPAEMLASIDLKYFNESTKKKIEKIRPLLIDGTASLSPGMMMGMFNMLSTVLGVSILNLGQKKYTKTIYWWDGLQSSDDFALIVNAPNHEGIQAGVDRFYRTCKLVGINMSKKKSYINKTGTFEFTSFFYRYGFVANFSMELPSFGVSGVNESADMSIGVTVIKNNMINNDLGPATAQMALQLFIKDYRYTYRCHRGDTRIQTRRSFELKKLWDQTQSKVGLLVSDGGPNLYNIRNLHIPEVCLKWELMDDDYRGRLCNPLNPFVSHKEIDSVNNAVVMPAHGPAKSMEYDAVATTHSWIPKRNRSILNTSQRGILEDEQMYQKCCNLFEKFFPSSSYRRPVGISSMVEAMVSRARIDARVDFESGRIKKEEFSEIMKICSTIEELRRQK,Canada,09-10,CY060660,H1N1,H1N1 | CY060660 | A/Ontario/315015/2009(H1N1),CY060660|A/Ontario/315015/2009(H1N1)
-N/A-,A/Russia/178/2009(H1N1),MDVNPTLLFLKIPAQNAISTTFPYTGDPPYSHGTGTGYTMDTVNRTHQYSEKGKWTTNTETGAPQLNPIDGPLPEDNEPSGYAQTDCVLEAMAFLEESHPGIFENSCLETMEVVQQTRVDKLTQGRQTYDWTLNRNQPAATALANTIEVFRSNGLTANESGRLIDFLKDVMESMNKEEIEITTHFQRKRRVRDNMTKKMVTQRTIGKKKQRLNKRGYLIRALTLNTMTKDAERGKLKRRAIATPGMQIRGFVYFVETLARSICEKLEQSGLPVGGNEKKAKLANVVRKMMTNSQDTEISFTITGDNTKWNENQNPRMFLAMITYITRNQPEWFRNILSMAPIMFSNKMARLGKGYMFESKRMKIRTQIPAEMLASIDLKYFNESTKKKIEKIRPLLIDGTASLSPGMMMGMFNMLSTVLGVSILNLGQKKYTKTIYWWDGLQSSDDFALIVNAPNHEGIQAGVDRFYRTCKLVGINMSKKKSYINKTGTFEFTSFFYRYGFVANFSMELPSFGVSGVNESADMSIGVTVIKNNMINNDLGPATAQMALQLFIKDYRYTYRCHRGDTQIQTRRSFELKKLWDQTQSKVGLLVSDGGPNLYNIRNLHIPEVCLKWELMDDDYRGRLCNPLNPFVSHKEIDSVNNAVVMPAHGPAKSMEYDAVATTHSWIPKRNRSILNTSQRGILEDEQMYQKCCNLFEKFFPSSSYRRPIGISSMVEAMVSRARIDARVDFESGRIKKEEFSEIMKICSTIEELRRQK,Russia,09-10,CY053734,H1N1,H1N1 | CY053734 | A/Russia/178/2009(H1N1),CY053734|A/Russia/178/2009(H1N1)
-N/A-,A/Piura/WRAIR1694P/2009(H1N1),MDVNPTLLFLKIPAQNAISTTFPYTGDPPYSHGTGTGYTMDTVNRTHQYSEKGKWTTNTETGAPQLNPIDGPLPEDNEPSGYAQTDCVLEAMAFLEESHPGIFENSCLETMEVVQQTRVDKLTQGRQTYDWTLNRNQPAATALANTIEVFRSNGLTANESGRLIDFLKDVMESMDKEEIEITTHFQRKRRVRDNMTKKMVTQRTIGKKKQRLNKRGYLIRALTLNTMTKDAERGKLKRRAIATPGMQIRGFVYFVETLARSICEKLEQSGLPVGGNEKKAKLANVVRKMMTNSQDTEISFTITGDNTKWNENQNPRMFLAMITYITRNQPEWFRNILSMAPIMFSNKMARLGKGYMFESKRMKIRTQIPAEMLASIDLKYFNESTKKKIEKIRPLLIDGTASLSPGMMMGMFNMLSTVLGVSILNLGQKKYTKTIYWWDGLQSSDDFALIVNAPNHEGIQAGVDRFYRTCKLVGINMSKKKSYINKTGTFEFTSFFYRYGFVANFSMELPSFGVSGVNESADMSIGVTVIKNNMINNDLGPATAQMALQLFIKDYRYTYRCHRGDTQIQTRRSFELKKLWDQTQSKVGLLVSDGGPNLYNIRNLHIPEVCLKWELMDDDYRGRLCNPLNPFVSHKEIDSVNNAVVMPAHGPAKSMEYDAVATTHSWIPKRNRSILNTSQRGILEDEQMYQKCCNLFEKFFPSSSYRRPVGISSMVEAMVSRARIDARVDFESGRIKKEEFSEIMKICSTIEELRRQK,Peru,-N/A-,CY083509,H1N1,H1N1 | CY083509 | A/Piura/WRAIR1694P/2009(H1N1),CY083509|A/Piura/WRAIR1694P/2009(H1N1)
Wisconsin,A/Wisconsin/629-D01083/2009(H1N1),MDVNPTLLFLKIPAQNAISTTFPYTGDPPYSHGTGTGYTMDTVNRTHQYSEKGKWTTNTETGAPQLNPIDGPLPEDNEPSGYAQTDCVLEAMAFLEESHPGIFENSCLETMEVVQQTRVDKLTQGRQTYDWTLNRNQPAATALANTIEVFRSNGLTANESGRLIDFLKDVMESMNKEEIEITTHFQRKRRVRDNMTKKMVTQRTIGKKKQRLNKRGYLIRALTLNTMTKDAERGKLKRRAIATPGMQIRGFVYFVETLARSICEKLEQSGLPVGGNEKKAKLANVVRKMMTNSQDTEISFTITGDNTKWNENQNPRMFLAMITYITRNQPEWFRNILSMAPIMFSNKMARLGKGYMFESKRMKIRTQIPAEMLASIDLKYFNESTKKKIEKIRPLLIDGTASLSPGMMMGMFNMLSTVLGVSILNLGQKKYTKTIYWWDGLQSSDDFALIVNAPNHEGIQAGVDRFYRTCKLVGINMSKKKSYINKTGTFEFTSFFYRYGFVANFSMELPSFGVSGVNESADMSIGVTVIKNNMINNDLGPATAQMALQLFIKDYRYTYRCHRGDTQIQTRRSFELKKLWDQTQSKVGLLVSDGGPNLYNIRNLHIPEVCLKWELMDDDYRGRLCNPLNPFVSHKEIDSVNNAVVMPAHGPAKSMEYDAVATTHSWIPKRNRSILNTSQRGILEDEQMYQKCCNLFEKFFPSSSYRRPVGISSMVEAMVSRARIDARVDFESGRTKKEEFSEIMKICSTIEELRRQK,USA,08-09,CY046913,H1N1,H1N1 | CY046913 | A/Wisconsin/629-D01083/2009(H1N1),CY046913|A/Wisconsin/629-D01083/2009(H1N1)
California,A/California/VRDL141/2009(H1N1),MDVNPTLLFLKVPAQNAISTTFPYTGDPPYSHGTGTGYTMDTVNRTHQYSERGRWTKNTETGAPQLNPIDGPLPEDNEPSGYAQTDCVLEAMAFLEESHPGIFENSCIETMEVVQQTRVDKLTQGRQTYDWTLNRNQPAATALANTIEVFRSNGLIANESGRLIDFLKDVMESMDRGEVEVTTHFQRKRRVRDNVTKKMVTQRTIGKKKHKLDKRSYLIRALTLNTMTKDAERGKLKRRAIATPGMQIRGFVYFVETLARSICEKLEQSGLPVGGNEKKAKLANVVRKMMTNSQDTEISFTITGDNTKWNENQNPRMFLAMITYITKNQPEWFRNILSIAPIMFSNKMARLGKGYMFESKSMKLRTQIPAEMLANIDLKYFNDSTKKKIEKIRPLLIDGTASLSPGMMMGMFNMLSTVLGVSILNLGQKRYTKTTYWWDGLQSSDDFALIVNAPNYAGIQAGVDRFYRTCKLLGINMSKKKSYINRTGTFEFTSFFYRYGFVANFSMELPSFGVSGVNESADMSIGVTVIKNNMINNDLGPATAQMALQLFIKDYRYTYRCHRGDTQIQTRRSFEIKKLWDQTRSKAGLLVSDGGPNLYNIRNLHIPEVCLKWELMDEDYQGRLCNPLNPFVSHKEIESVNNAVIMPAHGPAKNMEYDAVATTHSWVPKRNRSILNTSQRGILEDEQMYQRCCNLFEKFFPSSSYRRPVGISSMVEAMVSRARIDARIDFESGRINKEEFAEIMKICSTIEDLRRQK,USA,08-09,CY064845,H1N1,H1N1 | CY064845 | A/California/VRDL141/2009(H1N1),CY064845|A/California/VRDL141/2009(H1N1)
-N/A-,A/Uganda/MUWRP-045/2008,MDVNPTLLFLKVPAQNAISTTFPYTGDPPYSHGTGTGYTMDTVNRTHQYSERGKWTTNTETGAPQLNPIDGPLPEDNEPSGYAQTDCVLEAMAFLEESHPGIFENSCLETMEAVQQTRVDKLTQGRQTYDWTLNRNQPAATALANTIEVFRSNGLTANESGRLIDFLKDVMESMDKEEMEITTHFQRKRRVRDNMTKKMVTQRTIGKKKQRVNKRGYLIRALTLNTMTKDAERGKLKRRAIATPGMQIRGFVYFVETLARSICEKLEQSGLPVGGNEKKAKLANVVRKMMTNSQDTELSFTITGDNTKWNENQNPRMFLAMITYITKNQPEWFRNILSIAPIMFSNKMARLGKGYMFESKRMKLRTQIPAEMLASIDLKYFNEPTRKKIEKIRPLLIDGTASLSPGMMMGMFNMLSTVLGVSILNLGQKKYTKTTYWWDGLQSSDDFALIVNAPKHXXXXAGVDRFYRTCKLVGINMSKKKSYINKTGTFEFTSFFYRYGFVANFSMELPSFGVSGINESADMSIGVTVIKNNMINNDLGPATAQMALQLFIKDYRYTYRCHRGDTQIQTRRSFEIKKLWDQTQSRAGLLVSDGGPNLYNIRNLHIPEVCLKWELMDENYRGRLCNPLNPFVSHKEIESVNNAVVMPAHGPAKSMEYDAVATTHSWIPKRNRSILNTSQRGILEDEQMYQKCCNLFEKFFPSSSYRRPIGISSMVEAMVSRARIDARIDFESGRIKKEEFSEIMKICSTIEELRRQK,Uganda,-N/A-,CY087626,H3N2,H3N2 | CY087626 | A/Uganda/MUWRP-045/2008,CY087626|A/Uganda/MUWRP-045/2008
-N/A-,A/England/460/2003,MDVNPTLLFLKVPAQNAISTTFPYTGDPPYSHGTGTGYTMDTVNRTHQYSEKGKWTTNTETGAPQLNPIDGPLPEDNEPSGYAQTDCVLEAMAFLEESHPGIFENSCLETMEVVQQTRVDKLTQGRQTYDWTLNRNQPAATALANTIEVFRSNGLTANESGRLIDFLKDVMESMDKEEIEITTHFQRKRRVRDNMTKKMVTQRTIGKKKQRVNKRGYIIRALTLNTMTKDAERGKLKRRAIATPGMQIRGFVYFVETLARSICEKLEQSGLPVGGNEKKAKLANVVRKMMTNSQDTELSFTITGDNTKWNENQNPRMFLAMITYITKNQPEWFRNILSIAPIMFSNKMARLGKGYMFESKRMKLRTQIPAEMLASIDLKYFNESTRKKIEKIRPLLIDGTASLSPGMMMGMFNMLSTVLGVSILNLGQKKYTKTTYWWDGLQSSDDFALIVNAPNHEGIQAGVDRFYRICKLVGINMSKKKSYINKTGTFEFTSFFYRYGFVANFSMELPSFGVSGINESADMSIGVTVIKNNMINNDLGPATAQMALQLFIKDYRYTYRCHRGDTQIQTRRSFELKKLWDQTQSKAGLLVSDGGPNLYNIRNLHIPEVCLKWELMDEDYRGRLCNPLNPFVSHKEIESVNNAVVMPAHGPAKSMEYDAVATTHSWIPKRNRSILNTSQRGILEDEQMYQKCCNLFEKFFPSSSYRRPVGISSMVEAMVSRARIDARIDFESGRIKKEEFSEIMKICSTIEELRRQK,United Kingdom,03-04,CY088084,H3N2,H3N2 | CY088084 | A/England/460/2003,CY088084|A/England/460/2003
-N/A-,A/Waikato/35/2004,MDVNPTLLFLKVPAQNAISTTFPYTGDPPYSHGTGTGYTMDTVNRTHQYSEKGKWTTNTETGAPQLNPIDGPLPEDNEPSGYAQTDCVLEAMAFLEESHPGIFENSCLETMEVVQQTRVDKLTQGRQTYDWTLNRNQPAATALANTIEVFRSNGLTANESGRLIDFLKDVVESMDKEEMEITTHFQRKRRVRDNMTKKMVTQRTIGKKKQRVNKRGYLIRALTLNTMTKDAERGKLKRRAIATPGMQIRGFVYFVETLARSICEKLEQSGLPVGGNEKKAKLANVVRKMMTNSQDTELSFTITGDNTKWNENQNPRMFLAMITYITKNQPEWFRNILSIAPIMFSNKMARLGKGYMFESKRMKLRTQIPAEMLASIDLKYFNESTRKKIEKIRPLLIDGTASLSPGMMMGMFNMLSTVLGVSILNLGQKKYTKTTYWWDGLQSSDDFALIVNAPNHEGIQAGVDRFYRTCKLVGINMSKKKSYINKTGTFEFTSFFYRYGFVANFSMELPSFGVSGINESADMSIGVTVIKNNMINNDLGPATAQMALQLFIKDYRYTYRCHRGDTQIQTRRSFELKKLWDQTQSRAGLLVSDGGPNLYNIRNLHIPEVCLKWELMDENYRGRLCNPLNPFVSHKEIESVNNAVVMPAHGPAKSMEYDAVATTHSWIPKRNRSILNTSQRGILEDEQMYQKCCNLFEKFFPSSSYRRPIGISSMVEAMVSRARIDARIDFESGRIKKEEFSEIMKICSTIEELRRQK,New Zealand,-N/A-,CY013531,H3N2,H3N2 | CY013531 | A/Waikato/35/2004,CY013531|A/Waikato/35/2004
California,A/California/VRDL396/2009(H3N2),MDVNPTLLFLKVPAQNAISTTFPYTGDPPYSHGTGTGYTMDTVNRTHQYSERGKWTTNTETGAPQLNPIDGPLPEDNEPSGYAQTDCVLEAMAFLEESHPGIFENSCLETMEAVQQTRVDKLTQGRQTYDWTLNRNQPAATALANTIEVFRSNGLTANESGRLIDFLKDVMESMDKEEMEITTHFQRKRRVRDNMTKKMVTQRTIGKKKQRVNKRGYLTRALTLNTMTKDAERGKLKRRAIATPGMQIRGFVYFVETLARSICEKLEQSGLPVGGNEKKAKLANVVRKMMTNSQDTELSFTITGDNTKWNENQNPRMFLAMITYITKNQPEWFRNILSIAPIMFSNKMARLGKGYMFESKRMKLRTQIPAEMLASIDLKYFNESTRKKIEKIRPLLIDGTASLSPGMMMGMFNMLSTVLGVSILNLGQKKYTKTTYWWDGLQSSDDFALIVNAPNHEGIQAGVDRFYRTCKLVGINMSKKKSYINKTGTFEFTSFFYRYGFVANFSMELPSFGVSGINESADMSIGVTVIKNNMINNDLGPATAQMALQLFIKDYRYTYRCHRGDTQIQTRRSFEIKKLWDQTQSRAGLLVSDGGPNLYNIRNLHIPEVCLKWELMDENYRGRLCNPLNPFVSHKEIESVNNAVVMPAHGPAKSMEYDAVATTHSWIPKRNRSILNTSQRGILEDEQMYQKCCNLFEKFFPSSSYRRPIGISSMVEAMVSRARIDARIDFESGRIKKEEFSEIMKICSTIEELRRQK,USA,08-09,CY068135,H3N2,H3N2 | CY068135 | A/California/VRDL396/2009(H3N2),CY068135|A/California/VRDL396/2009(H3N2)
Massachusetts,A/Boston/DOA57/2011(H3N2),MDVNPTLLFLKVPAQNAISTTFPYTGDPPYSHGTGTGYTMDTVNRTHQYSERGKWTTNTETGAPQLNPIDGPLPEDNEPSGYAQTDCVLEAMAFLEESHPGIFENSCLETMEAVQQTRVDKLTQGRQTYDWTLNRNQPAATALANTIEVFRSNGLTANESGRLIDFLKDVMESMDKEEMEITTHFQRKRRVRDNMTKKMVTQRTIGKKKQRVNKRGYLIRALTLNTMTKDAERGKLKRRAIATPGMQIRGFVYFVETLARSICEKLEQSGLPVGGNEKKAKLANVVRKMMTNSQDTELSFTITGDNTKWNENQNPRMFLAMITYITKSQPEWFRNILSIAPIMFSNKMARLGKGYMFESKKMKLRTQIPAEMLASIDLKYFNESTRKKIEKIRPLLIDGTASLSPGMMMGMFNMLSTVLGVSILNLGQKKYTKTTYWWDGLQSSDDFALIVNAPNHEGIQAGVDRFYRTCKLVGINMSKKKSYINKTGTFEFTSFFYRYGFVANFSMELPSFGVSGINESADMSIGVTVIKNNMINNDLGPATAQMALQLFIKDYRYTYRCHRGDTQIQTRRSFEIKKLWDQTQSRAGLLVSDGGPNLYNIRNLHIPEVCLKWELMDENYRGRLCNPLNPFVSHKEIESVNNAVVMPAHGPAKSMEYDAVATTHSWIPKRNRSILNTSQRGILEDEQMYQKCCNLFEKFFPSSSYRRPIGISSMVEAMVSRARIDARIDFESGRIKKEEFSEIMRICSTIEELRRQK,USA,10-11,CY111340,H3N2,H3N2 | CY111340 | A/Boston/DOA57/2011(H3N2),CY111340|A/Boston/DOA57/2011(H3N2)
Colorado,A/Colorado/02/2010,MDVNPTLLFLKIPAQNAISTTFPYTGDPPYSHGTGTGYTMDTVNRTHQYSEKGKWTTNTETGAPQLNPIDGPLPEDNEPSGYAQTDCVLEAMAFLEESHPGIFENSCLETMEVVQQTRVDKLTQGRQTYDWTLNRNQPAATALANTIEVFRSNGLTANESGRLIDFLKDVMESMNKEEIEITTHFQRKRRVRDNMTKKMVTQRTIGKKKQRLNKRGYLIRALTLNTMTKDAERGKLKRRAIATPGMQIRGFVYFVETLARSICEKLEQSGLPVGGNEKKAKLANVVRKMMSNSQDTEISFTITGDNTKWNENQNPRMFLAMITYITRNQPEWFRNILSMAPIMFSNKMARLGKGYMFESKRMKIRTQIPAEMLASIDLKYFNESTKKKIEKIRPLLIDGTASLSPGMMMGMFNMLSTVLGVSILNLGQKKYTKTIYWWDGLQSSDDFALIVNAPNHEGIQAGVDRFYRTCKLVGINMSKKKSYINKTGTFEFTSFFYRYGFVANFSMELPSFGVSGVNESADMSIGVTVIKNNMINNDLGPATAQMALQLFIKDYRYTYRCHRGDTQIQTRRSFELKKLWDQTQSKVGLLVSDGGPNLYNIRNLHIPEVCLKWELMDDDYRGRLCNPLNPFVSHKEIDSVNNAVVMPAHGPAKSMEYDAVATTHSWIPKRNRSILNTSQRGILEDEQMYQKCCNLFEKFFPSSSYRRPVGISSMVEAMVSRARIDARVDFESGRIRKEEFSEIMKICSTIEELRRQK,USA,09-10,KC780227,H1N1,H1N1 | KC780227 | A/Colorado/02/2010,KC780227|A/Colorado/02/2010
-N/A-,A/England/508/2003,MDVNPTLLFLKVPAQNAISTTFPYTGDPPYSHGTGTGYTMDTVNRTHQYSEKGKWTTNTETGAPQLNPIDGPLPEDNEPSGYAQTDCVLEAMAFLEESHPGIFENSCLETMEVVQQTRVDKLTQGRQTYDWTLNRNQPAATALANTIEVFRSNGLTANESGRLIDFLKDVMESMDKEEIEITTHFQRKRRVRDNMTKKMVTQRTIGKKKQRVNKRGYLIRALTLNTMTKDAERGKLKRRAIATPGMQIRGFVYFVETLARSICEKLEQSGLPVGGNEKKAKLANVVRKMMTNSQDTELSFTITGDNTKWNENQNPRMFLAMITYITKNQPEWFRNILSIAPIMFSNKMARLGKGYMFESKRMKLRTQIPAEMLASIDLKYFNESTRKKIEKIRPLLIDGTASLSPGMMMGMFNMLSTVLGVSILNLGQKKYTKTTYWWDGLQSSDDFALIVNAPNHEGIQAGVDRFYRICKLVGINMSKKKSYINKTGTFEFTSFFYRYGFVANFSMELPSFGVSGINESADMSIGATVIKNNMINNDLGPATAQMALQLFIKDYRYTYRCHRGDTQIQTRRSFELKKLWDQTQSKAGLLVSDGGPNLYNIRNLHIPEVCLKWELMDEDYRGRLCNPLNPFVSHKEIESVNNAVVMPAHGPAKSMEYDAVATTHSWIPKRNRSILNTSQRGILEDEHMYQKCCNLFEKFFPSSSYRRPVGISSMVEAMVSRARIDARIDFESGRIKKEEFSEIMKICSTIEELRRQK,United Kingdom,03-04,CY088324,H3N2,H3N2 | CY088324 | A/England/508/2003,CY088324|A/England/508/2003
-N/A-,A/Netherlands/1324/2009(H1N1),MDVNPTLLFLKIPAQNAISTTFPYTGDPPYSHGTGTGYTMDTVNRTHQYSEKGKWTTNTETGAPQLNPIDGPLPEDNEPSGYAQTDCVLEAMAFLEESHPGIFENSCLETMEVVQQTRVDKLTQGRQTYDWTLNRNQPAATALANTIEVFRSNGLTANESGRLIDFLKDVMESMNKEEIEITTHFQRKRRVRDNMTKKMVTQRTIGKKKQRLNKRGYLIRALTLNTMTKDAERGKLKRRAIATPGMQIRGFVYFVETLARSICEKLEQSGLPVGGNEKKAKLANVVRKMMTNSQDTEISFTITGDNTKWNENQNPRMFLAMITYITRNQPEWFRNILSMAPIMFSNKMARLGKGYMFESKRMKIRTQIPAEMLASIDLKYFNESTKKKIEKIRPLLIDGTASLSPGMMMGMFNMLSTVLGVSILNLGQKKYTKTIYWWDGLQSSDDFALIVNAPNHEGIQAGVDRFYRTCKLVGINMSKKKSYINKTGTFEFTSFFYRYGFVANFSMELPSFGVSGVNESADMSIGVTVIKNNMINNDLGPATAQMALQLFIKDYRYTYRCHRGDTQIQTRRSFELKKLWDQTQSKVGLLVSDGGPNLYNIRNLHIPEVCLKWELMDDDYRGRLCNPLNPFVSHKEIDSVNNAVVMPAHGPAKSMEYDAVATTHSWIPKRNRSILNTSQRGILEDEQMYQKCCNLFEKFFPSSSYRRPVGISSMVEAMVSRARIDARVDFESGRIKKEEFSEIIKICSTIEELRRQK,Netherlands,09-10,CY065854,H1N1,H1N1 | CY065854 | A/Netherlands/1324/2009(H1N1),CY065854|A/Netherlands/1324/2009(H1N1)
-N/A-,A/HaNoi/Q580/2006(H1N1),MDVNPTLLFLKVPAQNAISTTFPYTGDPPYSHGTGTGYTMDTVNRTHQYSERGRWTKNTETGAPQLNPIDGPLPEDNEPSGYAQTDCVLEAMAFLEESHPGIFENSCIETMEVVQQTRVDKLTQGRQTYDWTLNRNQPAATALANTIEVFRSNGLIANESGRLVDFLKDVMESMDRDEVEVTTHFQRKRRVRDNVTKKMVTQRTIGKKKHKLDKRSYLIRALTLNTMTKDAERGKLKRRAIATPGMQIRGFVYFVETLARSICEKLEQSGLPVGGNEKKAKLANVVRKMMTNSQDTEISFTITGDNTKWNENQNPRMFLAMITYITRNQPEWFRNILSIAPIMFSNKMARLGKGYMFESKSMKLRTQIPAEILADIDLKYFNESTKKKIEKIRPLLIDGTASLSPGMMMGMFNMLSTVLGVSILNLGQKRYTKTTYWWDGLQSSDDFALIVNAPNYAGIQAGVDRFYRTCKLLGINMSKKKSYINRTGTFEFTSFFYRYGFVANFSMELPSFGVSGVNESADMSIGVTVIKNNMINNDLGPATAQMALQLFIKDYRYTYRCHRGDTQIQTRRSFEIKKLWDQTRSKAGLLVSDGGPNLYNIRNLHIPEVCLKWELMDEDYQGRLCNPLNPFVSHKEIESVNNAVMMPAHGPAKNMEYDAVATTHSWVPKRNRSILNTSQRGILEDEQMYQRCCNLFEKFFPSSSYRRPVGISSMVEAMISRARIDARIDFESGRIKKEEFAEIMKTCSTIEDLRRQK,Viet Nam,-N/A-,CY104290,H1N1,H1N1 | CY104290 | A/HaNoi/Q580/2006(H1N1),CY104290|A/HaNoi/Q580/2006(H1N1)
California,A/California/VRDL288/2009(H3N2),MDVNPTLLFLKVPAQNAISTTFPYTGDPPYSHGTGTGYTMDTVNRTHQYSERGKWTINTETGAPQLNPIDGPLPEDNEPSGYAQTDCVLEAMAFLEESHPGIFENSCLETMEAVQQTRVDKLTQGRQTYDWTLNRNQPAATALANTIEVFRSNGLTANESGRLIDFLKDVMESMDKEEMEITTHFQRKRRVRDNMTKKMVTQRTIGKKKQRVNKRGYLIRALTLNTMTKDAERGKLKRRAIATPGMQIRGFVYFVETLARSICEKLEQSGLPVGGNEKKAKLANVVRKMMTNSQDTELSFTITGDNTKWNENQNPRMFLAMITYITKNQPEWFRNILSIAPIMFSNKMARLGKGYMFESKRMKLRTQIPAEMLASIDLKYFNESTRKKIEKIRPLLIDGTASLSPGMMMGMFNMLSTVLGVSILNLGQKKYTKTTYWWDGLQSSDDFALIVNAPNHEGIQAGVDRFYRTCKLVGINMSKKKSYINKTGTFEFTSFFYRYGFVANFSMELPSFGVSGINESADMSIGVTVIKNNMINNDLGPATAQMALQLFVKDYRYTYRCHRGDTQIQTRRSFEIKKLWDQTQSRAGLLVSDGGPNLYNIRNLHIPEVCLKWELMDENYRGRLCNPLNPFVSHKEIESVNNAVVMPAHGPAKSMEYDAVATTHSWIPKRNRSILNTSQRGILEDEQMYQKCCNLFEKFFPSSSYRRPIGISSMVEAMVSRARIDARIDFESGRIKKEEFSEIMKICSTIEELRRQK,USA,08-09,CY067959,H3N2,H3N2 | CY067959 | A/California/VRDL288/2009(H3N2),CY067959|A/California/VRDL288/2009(H3N2)
-N/A-,A/Peru/WRAIR1296P/2007(H1N1),MDVNPTLLFLKVPAQNAISTTFPYTGDPPYSHGTGTGYTMDTVNRTHQYSERGRWTKNTETGAPQLNPIDGPLPEDNEPSGYAQTDCVLEAMAFLEESHPGIFENSCIETMEVVQQTRVDKLTQGRQTYDWTLNRNQPAATALANTIEVFRSNGLIANESGRLIDFLKDVMESMDRGEVEITTHFQRKRRVRDNVTKKMVTQRTIGKKKHKLDKRSYLIRALTLNTMTKDAERGKLKRRAIATPGMQIRGFVYFVETLARSICEKLEQSGLPVGGNEKKAKLANVVRKMMTNSQDTEISFTITGDNTKWNENQNPRMFLAMITYITKNQPEWFRNILSIAPIMFSNKMARLGKGYMFESKSMKLRTQIPAEMLANIDLKYFNDSTKKKIEKIRPLLIDGTASLSPGMMMGMFNMLSTVLGVSILNLGQKRYTKTTYWWDGLQSSDDFALIVNASNYAGIQAGVDRFYRTCKLLGINMSKKKSYINRTGTFEFTSFFYRYGFVANFSMELPSFGVSGVNESADMSIGVTVIKNNMINNDLGPATAQMALQLFIKDYRYTYRCHRGDTQIQTRRSFEIKKLWDQTRSKAGLLVSDGGPNLYNIRNLHIPEVCLKWELMDEDYQGRLCNPLNPFVSHKEIESVNNAVVMPAHGPAKNMEYDAVATTHSWVPKRNRSILNTSQRGILEDEQMYQRCCNLFEKFFPSSSYRRPVGISSMVEAMVSRARIDARIDFESGRIKKEEFAEIMKICSTIEDLRRQK,Peru,-N/A-,CY070062,H1N1,H1N1 | CY070062 | A/Peru/WRAIR1296P/2007(H1N1),CY070062|A/Peru/WRAIR1296P/2007(H1N1)
-N/A-,A/Moscow/13/1998,MDVNPTLLFLKVPAQNAISTTFPYTGDPPYSHGTGTGYTMDTVNRTHQYSERGRWTKNTETGAPQLNPIDGPLPKDNEPSGYAQTDCVLEAMAFLEESHPGIFENSCIETMEAVQQTRVDKLTQGRQTYDWTLNRNQPAATALANTIEVFRSNGLIANESGRLIDFLKDVMESMDREEVEITTHFQRKRRVRDNVTKKMVTQRTIGKKKHKLDKRSYLIRALTLNTMTKDAERGKLKRRAIATPGMQIRGFVYFVETLARSICEKLEQSGLPVGGNEKKAKLANVVRKMMTNSQDTEISFTITGDNTKWNENQNPRMFLAMITYITRNQPEWFRNILSIAPIMFSNKMARLGKGYMFESKSMKLRTQIPAEMLANIDLKYFNDSTKKKIEKIRPLLIDGTASLSPGMMMGMFNMLSTVLGVSILNLGQKRYTKTTYWWDGLQSSDDFALIVNAPNYAGIQAGVDRFYRTCKLLGINMSKKKSYINRTGTFEFTSFFYRYGFVANFSMELPSFGVSGVNESADMSIGVTVIKNNMINNDLGPATAQMALQLFIKDYRYTYRCHRGDTQIQTRRSFEIKKLWDQTRSKAGLLVSDGGPNLYNIRNLHIPEVCLKWELMDEDYQGRLCNPLNPFVSHKEIKSVNNAVMMPAHGPAKNMEYDAVATTHSWVPKRNRSILNTSQRGILEDEQMYQRCCNLFEKFFPSSSYRRPVGISSMVEAMVSRARIDARIDFESGRIKKEEFAEIMKTCSTIEDLRRQK,Russia,-N/A-,CY125090,H1N1,H1N1 | CY125090 | A/Moscow/13/1998,CY125090|A/Moscow/13/1998
California,A/California/VRDL280/2009(H1N1),MDVNPTLLFLKVPAQNAISTTFPYTGDPPYSHGTGTGYTMDTVNRTHQYSERGRWTKNTETGAPQLNPIDGPLPEDNEPSGYAQTDCVLEAMAFLEESHPGIFENSCIETMEVVQQTRVDKLTQGRQTYDWTLNRNQPAATALANTIEVFRSNGLIANESGRLIDFLKDVMESMDRGEVEVTTHFQRKRRVRDNVTKKMVTQRTIGKKKHKLDKRSYLIRALTLNTMTKDAERGKLKRRAIATPGMQIRGFVYFVETLARSICEKLEQSGLPVGGNEKKAKLANVVRKMMTNSQDTEISFTITGDNTKWNENQNPRMFLAMITYITKNQPEWFRNILSIAPIMFSNKMARLGKGYMFESKSMKLRTQIPAEMLANIDLKYFNDSTKKKIEKIRPLLIDGTASLSPGMMMGMFNMLSTVLGVSILNLGQKRYTKTTYWWDGLQSSDDFALIVNAPNYAGIQAGVDRFYRTCKLLGINMSKKKSYINRTGTFEFTSFFYRYGFVANFSMELPSFGVSGVNESADMSIGVTVIKNNMINNDLGPATAQMALQLFIKDYRYTYRCHRGDTQIQTRRSFEIKKLWDQTRSKAGLLVSDGGPNLYNIRNLHIPEVCLKWGLMDEDYQGRLCNPLNPFVSHKEIESVNSAVIMPAHGPAKNMEYDAVATTHSWVPKRNRSILNTSQRGILEDEQMYQRCCNLFEKFFPSSSYRRPVGISSMVEAMVSRARIDARIDFESGRIKKEEFAEIMKICSTIEDLRRQK,USA,08-09,CY074441,H1N1,H1N1 | CY074441 | A/California/VRDL280/2009(H1N1),CY074441|A/California/VRDL280/2009(H1N1)
-N/A-,A/Narita/1/2009(H1N1),MDVNPTLLFLKIPAQNAISTTFPYTGDPPYSHGTGTGYTMDTVNRTHQYSEKGKWTTNTETGAPQLNPIDGPLPEDNEPSGYAQTDCVLEAMAFLEESHPGIFENSCLETMEVVQQTRVDKLTQGRQTYDWTLNRNQPAATALANTIEVFRSNGLTANESGRLIDFLKDVMESMNKEEIEITTHFQRKRRVRDNMTKKMVTQRTIGKKKQRLNKRGYLIRALTLNTMTKDAERGKLKRRAIATPGMQIRGFVYFVETLARSICEKLEQSGLPVGGNEKKAKLANVVRKMMTNSQDTEISFTITGDNTKWNENQNPRMFLAMITYITRNQPEWFRNILSMAPIMFSNKMARLGRGYMFESKRMKIRTQIPAEMLASIDLKYFNESTKKKIEKIRPLLIDGTASLSPGMMMGMFNMLSTVLGVSILNLGQKKYTKTIYWWDGLQSSDDFALIVNAPNHEGIQAGVDRFYRTCKLVGINMSKKKSYINKTGTFEFTSFFYRYGFVANFSMELPSFGVSGVNESADMSIGVTVIKNNMINNDLGPATAQMALQLFIKDYRYTYRCHRGDTQIQTRRSFELKKLWDQTQSKVGLLVSDGGPNLYNIRNLHIPEVCLKWELMDDDYRGRLCNPLNPFVSHKEIDSVNNAVVMPAHGPAKSMEYDAVATTHSWIPKRNRSILNTSQRGILEDEQMYQKCCNLFEKFFPSSSYRRPVGISSMVEAMVSRARIDARVDFESGRIKKEEFSEIMKICSTIEELRRQK,Japan,08-09,GQ169306,H1N1,H1N1 | GQ169306 | A/Narita/1/2009(H1N1),GQ169306|A/Narita/1/2009(H1N1)
-N/A-,A/Bangkok/INS424/2010(H1N1),MDVNPTLLFLKIPAQNAISTTFPYTGDPPYSHGTGTGYTMDTVNRTHQYSEKGRWTTNTETGAPQLNPIDGPLPEDNEPSGYAQTDCVLEAMAFLEESHPGIFENSCLETMEVVQQTRVDKLTQGRQTYDWTLNRNQPAATALANTIEVFRSNGLTANESGRLIDFLKDVMESMNKEEIEITTHFQRKRRVRDNMTKKMVTQRTIGKKKQRLNKRGYLIRALTLNTMTKDAERGKLKRRAIATPGMQIRGFVYFVETLARSICEKLEQSGLPVGGNEKKAKLANVVRKMMTNSQDTEISFTITGDNTKWNENQNPRMFLAMITYITRNQPEWFRNILSMAPIMFSNKMARLGKGYMFESKRMKIRTQIPAEMLASIDLKYFNESTKKKIEKIRPLLIDGTASLSPGMMMGMFNMLSTVLGVSILNLGQKKYTKTIYWWDGLQSSDDFALIVNAPNHEGIQAGVDRFYRTCKLVGINMSKKKSYINKTGTFEFTSFFYRYGFVANFSMELPSFGVSGVNESADMSIGVTVIKNNMINNDLGPATAQMALQLFIKDYRYTYRCHRGDTQIQTRRSFELKKLWDQTQSKVGLLVSDGGPNLYNIRNLHIPEVCLKWELMDDDYRGRLCNPLNPFVSHKEIDSVNNAVVMPAHGPAKSMEYDAVATTHSWIPKRNRSILNTSQRGILEDEQMYQKCCNLFEKFFPSSSYRRPVGISSMVEAMVSRARIDARVDFESGRIKKEEFSEIMKICSTIEELRRQK,Thailand,-N/A-,CY071333,H1N1,H1N1 | CY071333 | A/Bangkok/INS424/2010(H1N1),CY071333|A/Bangkok/INS424/2010(H1N1)
Texas,A/Texas/WRAIR1115P/2009(H1N1),MDVNPTLLFLKVPAQNAISTTFPYTGDPPYSHGTGTGYTMDTVNRTHQYSERGRWTKNTETGAPQLNPIDGPLPEDNEPSGYAQTDCVLEAMAFLEESHPGIFENSCIETMEVVQQTRVDKLTQGRQTYDWTLNRNQPAATALANTIEVFRSNGLIANESGRPIDFLKDVMESMDRGEVEVTTHFQRKRRVRDNVTKKMVTQRTIGKKKHKLDKRSYLIRALTLNTMTKDAERGKLKRRAIATPGMQIRGFVYFVETLARSICEKLEQSGLPVGGNEKKAKLANVVRKMMTNSQDTEISFTITGDNTKWNENQNPRMFLAMITYITKNQPEWFRNILSIAPIMFSNKMARLGKGYMFESKSMKLRTQIPAEMLANIDLKYFNDSTKKKIEKIRPLLIDGTASLSPGMMMGMFNMLSTVLGVSILNLGQKRYTKTTYWWDGLQSSDDFALIVNAPNYAGIQAGVDRFYRTCKLLGINMSKKKSYINRTGTFEFTSFFYRYGFVANFSMELPSFGVSGVNESADMSIGVTVIKNNMINNDLGPATAQMALQLFIKDYRYTYRCHRGDTQIQTRRSFEIKKLWDQTRSKAGLLVSDGGPNLYNIRNLHIPEVCLKWELMDEDYQGRLCNPLNPFVSHKEIESVNNAVIMPAHGPAKNMEYDAVATTHSWVPKRNRSILNTSQRGILEDEQMYQRCCNLFEKFFPSSSYRRPVGISSMVEAMVSRARIDARIDFESGRIKKEEFAEIMKICSTIEDLRRQK,USA,08-09,CY100794,H1N1,H1N1 | CY100794 | A/Texas/WRAIR1115P/2009(H1N1),CY100794|A/Texas/WRAIR1115P/2009(H1N1)
-N/A-,A/HaNoi/TX327/2007(H3N2),MDVNPTLLFLKVPAQNAISTTFPYTGDPPYSHGTGTGYTMDTVNRTHQYSEKGKWTTNTETGAPQLNPIDGPLPEDNEPSGYAQTDCVLEAMAFLEESHPGIFENSCLETMEAVQQTRVDKLTQGRQTYDWTLNRNQPAATALANTIEVFRSNGLTANESGRLIDFLKDVMESMDKEEMEITTHFQRKRRVRDNMTKKMVTQRTIGKKKQRVNKRGYLIRALTLNTMTKDAERGKLKRRAIATPGMQIRGFVYFVETLARSICEKLEQSGLPVGGNEKKAKLANVVRKMMTNSQDTELSFTITGDNTKWNENQNPRMFLAMITYITKNQPEWFRNILSIAPIMFSNKMARLGKGYMFESKRMKLRTQIPAEMLASIDLKYFNESTRKKIEKIRPLLTDGTASLSPGMMMGMFNMLSTVLGVSILNLGQKKYTKTTYWWDGLQSSDDFALIVNAPNHEGIQAGVDRFYRTCKLVGINMSKKKSYINKTGTFEFTSFFYRYGFVANFSMELPSFGVSGINESADMSIGVTVIKNNMINNDLGPATAQMALQLFIKDYRYTYRCHRGDTQIQTRRSFEIKKLWDQTQSRAGLLVSDGGPNLYNIRNLHIPEVCLKWELMDENYRGRLCNPLNPFVSHKEIESVNNAVVMPAHGPAKSMEYDAVATTHSWIPKRNRSILNTSQRGILEDEQMYQKCCNLFEKFFPSSSYRRPIGISSMVEAMVSRARIDARIDFESGRIKKEEFSEIMKICSTIEELRRQK,Viet Nam,-N/A-,CY104546,H3N2,H3N2 | CY104546 | A/HaNoi/TX327/2007(H3N2),CY104546|A/HaNoi/TX327/2007(H3N2)
-N/A-,A/Vladivostok/28/2012(H1N1),MDVNPTLLFLKIPAQNAISTTFPYTGDPPYSHGTGTGYTMDTVNRTHQYSEKGKWTTNTETGAPQLNPIDGPLPEDNEPSGYAQTDCVLEAMAFLEESHPGIFENSCLETMEVVQQTRVDKLTQGRQTYDWTLNRNQPAATALANTIEVFRSNGLTANESGRLIDFLKDVMESMNKEXIEIITHFQRKRRVRDNMTKKMVTQRTIGKKKQRLNKRGYLIRALTLNTMTKDAERGKLKRRAIATPGMQIRGFVYFVETLARSICEKLEQSGLPVGGNEKKAKLANVVRKMMTNSQDTEISFTITGDNTKWNENQNPRMFLAMITYITRNQPEWFRNILSMAPIMFSNKMARLGKGYMFESKRMKIRTQIPAEMLASIDLKYFNESTKKKIEKIRPLLIDGTASLSPGMMMGMFNMLSTVLGVSILNLGQKKYTKTIYWWDGLQSSDDFALIVNAPNHEGIQAGVDRFYRTCKLVGINMSKKKSYINKTGTFEFTSFFYRYGFVANFSMELPSFGVSGVNESADMSIGVTVIKNNMINNDLGPATAQMALQLFIKDYRYTYRCHRGDTQIQTRRSFELKKLWDQTQSKVGLLVSDGGPNLYNIRNLHIPEVCLKWELMDDDYRGRLCNPLNPFVSHKEIDSVNNAVVMPAHGPAKSMEYDAVATTHSWIPKRNRSILNTSQRGILEDEQMYQKCCNLFEKFFPSSSYRRPVGISSMVEAMVSRARIDARVDFESGRIKKEEFSEIMKICSTIEELRRQK,Russia,11-12,JX473008,H1N1,H1N1 | JX473008 | A/Vladivostok/28/2012(H1N1),JX473008|A/Vladivostok/28/2012(H1N1)
-N/A-,A/Bangkok/INS582/2010,MDVNPTLLFLKIPAQNAISTTFPYTGDPPYSHGTGTGYTMDTVNRTHQYSERGKWTTNTETGAPQLNPIDGPLPEDNEPSGYAQTDCVLEAMAFLEESHPGIFENSCLETMEVVQQTRVDKLTQGRQTYDWTLNRNQPAATALANTIEVFRSNGLTANESGRLIDFLKDVMESVNKEEIEITTHFQRKRRVRDNMTKKMVTQRTIGKKKQRLNKRGYLIRALTLNTMTKDAERGKLKRRAIATPGMQIRGFVYFVETLARSICEKLEQSGLPVGGNEKKAKLANVVRKMMTNSQDTEISFTITGDNTKWNENQNPRMFLAMITYITRNQPEWFRNILSMAPIMFSNKMARLGKGYMFESKRMKIRTQIPAEMLASIDLKYFNESTKKKIEKIRPLLMDGTASLSPGMMMGMFNMLSTVLGVSILNLGQKKYTKTTYWWDGLQSSDDFALIVNAPNHEGIQAGVDRFYRTCKLVGINMSKKKSYINKTGTFEFTSFFYRYGFVANFSMELPSFGVSGVNESADMSIGVTVIKNNMINNDLGPATAQMALQLFIKDYRYTYRCHRGDTQIQTRRSFELKKLWDQTQSKVGLLVSDGGPNLYNIRNLHIPEVCLKWELMDDDYRGRLCNPLNPFVSHKEIDSVNNAVVIPAHGPAKSMEYDAVATTHSWIPKRNRSILNTSQRGILEDEQMYQKCCNLFEKFFPSSSYRRPVGISSMVEAMVSRARIDARVDFESGRIKKEEFSEIMKICSTIEELRRQK,Thailand,-N/A-,CY129780,H1N1,H1N1 | CY129780 | A/Bangkok/INS582/2010,CY129780|A/Bangkok/INS582/2010
-N/A-,A/Lima/WRAIR8689F/2009(H1N1),MDVNPTLLFLKIPAQNAISTTFPYTGDPPYSHGTGTGYTMDTVNRTHQYSEKGKWTTNTETGAPQLNPIDGPLPEDNEPSGYAQTDCVLEAMAFLEESHPGIFENSCLETMEVVQQTRVDKLTQGRQTYDWTLNRNQPAATALANTIEVFRSNGLTANESGRLIDFLKDVMESMDKEEMEITTHFQRKRRVRDNMTKKMVTQRTIGKKKQRVNKRGYLIRALTLNTMTKDAERGKLKRRAIATPGMQIRGFVYFVETLARSICEKLEQSGLPVGGNEKKAKLANVVRKMMTNSQDTEISFTITGDNTKWNENQNPRMFLAMITYITRNQPEWFRNILSMAPIMFSNKMARLGKGYMFESKRMKLRTQIPAEMLASIDLKYFNESTRKKIEKIRPLLIDGTASLSPGMMMGMFNMLSTVLGVSILNLGQKKYTKTIYWWDGLQSSDDFALIVNAPNHEGIQAGVDRFYRTCKLVGINMSKKKSYINKTGTFEFTSFFYRYGFVANFSMELPSFGVSGINESADMSIGVTVIKNNMINNDLGPATAQMALQLFIKDYRYTYRCHRGDTQIQTRRSFEIKKLWDQTQSKVGLLVSDGGPNLYNIRNLHIPEVCLKWELMDEDYRGRLCNPLNPFVSHKEIESVNNAVVMPAHGPAKSMEYDAVATTHSWIPKRNRSILNTSQRGILEDEQMYQKCCNLFEKFFPSSSYRRPIGISSMVEAMVSRARIDASVDFESGRIKKEEFSEIMRICSTIEELRRQK,Peru,-N/A-,CY083581,H1N1,H1N1 | CY083581 | A/Lima/WRAIR8689F/2009(H1N1),CY083581|A/Lima/WRAIR8689F/2009(H1N1)
-N/A-,A/Cambodia/P0322095/2005(H5N1),MDVNPTLLFLKVPVQNAISTTFPYTGDPPYSHGTGTGYTMDTVNRTHQYSEKGKWTTNTETGAPQLNPIDGPLPEDNEPSGYAQTDCVLEAMAFLEESHPGIFENSCLETMEIVQQTRVDKLTQGRQTYDWTLNRNQPAATALANTIEIFRSNGLTANESGRLIDFLKDVMESMDKEEMEITTHFQRKKRVRDNMTKKMVTQRTIGKKKQRLNRKSYLIRALTLNTMTKDAERGKLKRRAIATPGMQIRGFVYFVETLARSICEKLEQSGLPVGGNEKKAKLANVVRKMMTNSQDTELSFTITGDNTKWNENQNPRMFLAMITYITRNQPEWFRNVLSIAPIMFSNKMARLGKGYMFESKSMKLRTQIPAEMLANIDLKYFNESTKKKIEKIRPLLIDGTASLSPGMMMGMFNMLSTVLGVSILNLGQKRYTKTTYWWDGLQSSDDFALIVNAPNHEGIQAGVDRFYRTCKLVGINMSKKKSYINRTGTFEFTSFFYRYGFVANFSMELPSFGVSGINESADMSIGVTVIKNNMINNDLGPATAQMALQLFIKDYRYTYRCHRGDTQIQTRRSFELKKLWEQTRSKAGLLVSDGGPNPYNIRNLHIPEVCLKWELMDEDYQGRLCNPLNPFVSHKEIESVNNAIVMPAHGPAKSMEYDAVATTHSWIPKRNRSILNTSQRGILEDEQMYQKCCNLFEKFFPSSSYRRPIGISSMVEAMVSRARIDARIDFESGRIKKDEFAEIMKICSTIEELGRQK,Cambodia,-N/A-,HQ200463,H5N1,H5N1 | HQ200463 | A/Cambodia/P0322095/2005(H5N1),HQ200463|A/Cambodia/P0322095/2005(H5N1)
-N/A-,A/Malaysia/14210/1997(H1N1),MDVNPTLLFLKVPAQNAISTTFPYTGDPPYSHGTGTGYTMDTVNRTHQYSERGRWTKNTETGAPQLNPIDGPLPKDNEPSGYAQTDCVLEAMAFLEESHPGIFENSCIETMEVVQQTRVDKLTQGRQTYDWTLNRNQPAATALANTIEVFRSNGLIANESGRLIDFLKDVMESMDRDEIEITTHFQRKRRVRDNVTKRMVTQRTIGKKKHKLDKKSYLIRALTLNTMTKDAERGKLKRRAIATPGMQIRGFVYFVETLARSICEKLEQSGLPVGGNEKKAKLANVVRKMMTNSQDTEISFTITGDNTKWNENQNPRMFLAMITYITKNQPEWFRNILSIAPIMFSNKMARLGKGYMFESKSMKLRTQIPAEMLANIDLKYFNDSTKKKIEKIRPLLIDGTASLSPGMMMGMFNMLSTVLGVSILNLGQKRYTKTTYWWDGLQSSDDFALIVNAPNYAGIQAGVDRFYRTCKLLGINMSKKKSYINRTGTFEFTSFFYRYGFVANFSMELPSFGVSGVNESADMSIGVTVIKNNMINNDLGPATAQMALQLFIKDYRYTYRCHRGDTQIQTRRSFEIKKLWDQTRSKAGLLVSDGGPNLYNIRNLHIPEVCLKWELMDEDYQGRLCNPLNPFVSHKEIESVNNAVMMPAHGPAKNMEYDAVATTHSWVPKRNRSILNTSQRGILEDEQMYQRCCNLFEKFFPSSSYRRPVGISSMVEAMVSRARIDARIDFESGRIKKEEFAEIMKTCSTIEDLRRQK,Malaysia,-N/A-,CY119112,H1N1,H1N1 | CY119112 | A/Malaysia/14210/1997(H1N1),CY119112|A/Malaysia/14210/1997(H1N1)
Texas,A/Texas/45062633/2009(H1N1),MDVNPTLLFLKIPAQNAISTTFPYTGDPPYSHGTGTGYTMDTVNRTHQYSEKGKWTTNTETGAPQLNPIDGPLPEDNEPSGYAQTDCVLEAMAFLEESHPGIFENSCLETMEVVQQTRVDKLTQGRQTYDWTLNRNQPAATALANTIEVFRSNGLTANESGRLIDFLKDVMESMNKEEIEITTHFQRKRRVRDNMTKKMVTQRTIGKKKQRLNKRGYLIRALTLNTMTKDAERGKLKRRAIATPGMQIRGFVYFVETLARSICEKLEQSGLPVGGNEKKAKLANVVRKMMTNSQDTEISFTITGDNTKWNENQNPRMFLAMITYITRNQPEWFRNILSMAPIMFSNKMARLGKGYMFESKRMKIRTQIPAEMLASIDLKYFNESTKKKIEKIRPLLIDGTASLSPGMMMGMFNMLSTVLGVSILNLGQKKYTKTIYWWDGLQSSDDFALIVNAPNHEGIQAGVDRFYRTCKLVGINMSKKKSYINKTGTFEFTSFFYRYGFVANFSMELPSFGVSGVNESADMSIGVTVIKNNMINNDLGPATAQMALQLFIKDYRYTYRCHRGDTQIQTRRSFELKKLWDQTQSKVGLLVSDGGPNLYNIRNLHIPEVCLKWELMDDDYRGRLCNPLNPFVSHKEIDSVNNAVVMPAHGPAKNMEYDAVATTHSWIPKRNRSILNTSQRGILEDEQMYQKCCNLFEKFFPSSSYRRPVGISSMVEAMVSRARIDARVDFESGRIKKEEFSEIMKICSTIEELRRQK,USA,08-09,CY051901,H1N1,H1N1 | CY051901 | A/Texas/45062633/2009(H1N1),CY051901|A/Texas/45062633/2009(H1N1)
-N/A-,A/Waikato/25/2002,MDVNPTLLFLKVPAQNAISTTFPYTGDPPYSHGTGTGYTMDTVNRTHQYSEKGKWTTNTETGAPQLNPIDGPLPEDNEPSGYAQTDCVLEAMAFLEESHPGIFENSCLETMEVVQQTRVDKLTQGRQTYDWTLNRNQPAATALANTIEVFRSNGLTVNESGRLIDFLKDVMESMDKEEIEITTHFQRKRRVRDNMTKKMVTQRTIGKKKQRVNKRGYLIRALTLNTMTKDAERGKLKRRAIATPGMQIRGFVYFVETLARSICEKLEQSGLPVGGNEKKAKLANVVRKMMTNSQDTELSFTITGDNTKWNENQNPRMFLAMITYITKNQPEWFRNILSIAPIMFSNKMARLGKGYMFESKRMKLRTQIPAEMLASIDLKYFNESTRKKIEKIRPLLIDGTASLSPGMMMGMFNMLSTVLGVSILNLGQKKYTKTTYWWDGLQSSDDFALIVNAPNHEGIQAGVDRFYRICKLVGINMSKKKSYINKTGTFEFTSFFYRYGFVANFSMELPSFGVSGINESADMSIGVTVIKNNMINNDLGPATAQMALQLFIKDYRYTYRCHRGDTQIQTRRSFELKKLWDQTQSKAGLLVSDGGPNLYNIRNLHIPEVCLKWELMDEDYRGRLCNPLNPFVSHKEIESVNNAVVMPAHGPAKSMEYDAVATTHSWIPKRNRSILNTSQRGILEDEQMYQKCCNLFEKFFPSSSYRRPVGISSMVEAMVSRARIDARIDFESGRIKKEEFSEIMKICSTIEELRRQK,New Zealand,-N/A-,CY013094,H3N2,H3N2 | CY013094 | A/Waikato/25/2002,CY013094|A/Waikato/25/2002
-N/A-,A/Netherlands/2631_1202/2010,MDVNPTLLFLKIPAQNAISTTFPYTGDPPYSHGTGTGYTMDTVNRTHQYSEKGKWTTNTETGAPQLNPIDGPLPEDNEPSGYAQTDCVLEAMAFLEESHPGIFENSCLETMEVVQQTRVDKLTQGHQTYDWTLNRNQPAATALANTIEVFRSNGLTANESGRLIDFLKDVMESMNKEEIEITTHFQRKRRVRDNMTKKMITQRTIGKKKQRLNKRGYLIRALTLNTMTKDAERGKLKRRAIATPGMQIRGFVYFVETLARSICEKLEQSGLPVGGNEKKAKLANVVRKMMTNSQDTEISFTITGDNTKWNENQNPRMFLAMITYITRNQPEWFRNILSMAPIMFSNKMARLGKGYMFESKRMKIRTQIPAEMLASIDLKYFNESTKKKIEKIRPLLIDGTASLSPGMMMGMFNMLSTVLGVSILNLGQKKYTKTIYWWDGLQSSDDFALIVNAPNHEGIQAGVDRFYRTCKLVGINMSKKKSYINKTGTFEFTSFFYRYGFVANFSMELPSFGVSGVNESADMSIGVTVIKNNMINNDLGPATAQMALQLFIKDYRYTYRCHRGDTQIQTRRSFELKKLWDQTQSKVGLLVSDGGPNLYNIRNLHIPEVCLKWELMDDDYRGRLCNPLNPFVSHKEIDSVNNAVVMPAHGPAKSMEYDAVATTHSWIPKRNRSILNTSQRGILEDEQMYQKCCNLFEKFFPSSSYRRPVGISSMVEAMVSRARIDARVDFESGRIKKEEFSEIMKICSTIEELRRQK,Netherlands,09-10,JF906181,H1N1,H1N1 | JF906181 | A/Netherlands/2631_1202/2010,JF906181|A/Netherlands/2631_1202/2010
-N/A-,A/England/862/2009,MDVNPTLLFLKIPAQNAISTTFPYTGDPPYSHGTGTGYTMDTVNRTHQYSEKGKWTTNTETGAPQLNPIDGPLPEDNEPSGYAQTDCVLEAMAFLEESHPGIFENSCLETMEVVQQTRVDKLTQGRQTYDWTLNRNQPAATALANTIEVFRSNGLTANESGRLIDFLKDVMESMNKEEIEITTHFQRKRRVRDNMTKKMVTQRTIGKKKQRLNKRGYLIRALTLNTMTKDAERGKLKRRAIATPGMQIRGFVYFVETLARSICEKLEQSGLPVGGNEKKAKLANVVRKMMTNSQDTEISFTITGDNTKWNENQNPRMFLAMITYITRNQPEWFRNILSMAPIMFSNKMARLGKGYMFESKRMKIRTQIPAEMLASIDLKYFNESTKKKIEKIRPLLIDGTASLSPGMMMGMFNMLSTVLGVSILNLGQKKYTKTIYWWDGLQSSDDFALIVNAPNHEGIQAGVDRFYRTCKLVGINMSKKKSYINKTGTFEFTSFFYRYGFVANFSMELPSFGVSGVNESADMSIGVTVIKNNMINNDLGPATAQMALQLFIKDYRYTYRCHRGDTQIQTRRSFELKKLWDQTQSKVGLLVSDGGPNLYNIRNLHIPEVCLKWELMDDDYRGRLCNPLNPFVSHKEIDSVNNAVVMPAHGPAKSMEYDAVATTHSWIPKRNRSILNTSQRGILEDEQMYQKCCNLXEKFFPSSSYRRPVGISSMVEAMVSRARIDARVDFESGRIGKEEFSEIMKICSTIEELRRQK,United Kingdom,09-10,HM568022,H1N1,H1N1 | HM568022 | A/England/862/2009,HM568022|A/England/862/2009
-N/A-,A/Taiwan/1150/2011,MDVNPTLLFLKIPAQNAISTTFPYTGDPPYSHGTGTGYTMDTVNRTHQYSEKGKWTTNTETGAPQLNPIDGPLPEDNEPSGYAQTDCVLEAMAFLEESHPGIFENSCLETMEVVQQTRVDKLTQGRQTYDWTLNRNQPAATALANTIEVFRSNGLTANESGRLIDFLKDVMESMNKEEIEITTHFQRKRRVRDNMTKKMVTQRTIGKKKQRMNKRGYLIRALTLNTMTKDAERGKLKRRAIATPGMQIRGFVYFVETLARSICEKLEQSGLPVGGNEKKAKLANVVRKMMTNSQDTEISFTITGDNTKWNENQNPRMFLAMITYITRNQPEWFRNILSMAPIMFSNKMARLGKGYMFESKRMKIRTQIPAEMLASIDLKYFNESTKKKIEKIRPLLMDGTASLSPGMMMGMFNMLSTVLGVSILNLGQKKYTKTTYWWDGLQSSDDFALIVNAPNHEGIQAGVNRFYRTCKLVGINMSKKKSYINKTGTFEFTSFFYRYGFVANFSMELPSFGVSGVNESADMSIGVTVIKNNMINNDLGPATAQMALQLFIKDYRYTYRCHRGDTQIQTRRSFELKKLWDQTQSKVGLLVSDGGPNLYNIRNLHIPEVCLKWELMDDDYRGRLCNPLNPFVSHKEIDSVNNAVVMPAHGPAKSMEYDAVATTHSWIPKRNRSILNTSQRGILEDEQMYQKCCNLFEKFFPSSSYRRPVGISSMVEAMVSRARIDARVDFESGRIKKEEFSEIMKICSTIEELRRQK,Taiwan,-N/A-,JN187236,H1N1,H1N1 | JN187236 | A/Taiwan/1150/2011,JN187236|A/Taiwan/1150/2011
Arizona,A/Arizona/02/2009(H1N1),MDVNPTLLFLKTPAQNAISTTFPYTGDPPYSHGTGTGYTMDTVNRTHQYSEKGKWTTNTETGAPQLNPIDGPLPEDNEPSGYAQTDCVLEAMAFLEESHPGIFENSCLETMEVVQQTRVDKLTQGRQTYDWTLNRNQPAATALANTIEVFRSNGLTANESGRLIDFLKDVMESMNKEEIEITTHFQRKRRVRDNMTKKMVTQRTIGKKKQRLNKRGYLIRALTLNTMTKDAERGKLKRRAIATPGMQIRGFVYFVETLARSICEKLEQSGLPVGGNEKKAKLANVVRKMMTNSQDTEISFTITGDNTKWNENQNPRMFLAMITYITRNQPEWFRNILSMAPIMFSNKMARLGKGYMFESKRMKIRTQIPAEMLASIDLKYFNESTKKKIEKIRPLLIDGTASLSPGMMMGMFNMLSTVLGVSILNLGQKKYTKTIYWWDGLQSSDDFALIVNAPNHEGIQAGVDRFYRTCKLVGINMSKKKSYINKTGTFEFTSFFYRYGFVANFSMELPSFGVSGVNESADMSIGVTVIKNNMINNDLGPATAQMALQLFIKDYRYTYRCHRGDTQIQTRRSFELKKLWDQTQSKVGLLVSDGGPNLYNIRNLHIPEVCLKWELMDDDYRGRLCNPLNPFVSHKEIDSVNNAVVMPAHGPAKSMEYDAVATTHSWIPKRNRSILNTSQRGILEDEQMYQKCCNLFEKFFPSSSYRRPVGISSMVEAMVSRARIDARVDFESGRIKKEEFSEIMKICSTIEELRRQK,USA,08-09,GQ117075,H1N1,H1N1 | GQ117075 | A/Arizona/02/2009(H1N1),GQ117075|A/Arizona/02/2009(H1N1)
-N/A-,A/Leningrad/134/17/1957,MDVNPTLLFLKVPAQNAISTTFPYTGDPPYSHGTGTGYTMDTVNRTHQYSEKGKWTTNTETGAPQLNPIDGPLPEDNEPSGYAQTDCVLEAMAFLEESHPGIFENSCLETMEVIQQTRVDKLTQGRQTYDWTLNRNQPAATALANTIEVFRSNGLTANESGRLIDFLKDVIESMDKEEMEITTHFQRKRRVRDNMTKKMVTQRTIGKKKQRLNKRIYLIRALTLNTMTKDAERGKLKRRAIATPGMQIRGFVYFVETLARSICENLEQSGLPVGGNEKKAKLANVVRKMMTNSQDTELSFTITGDNTKWNENQNPRMFLAMITYITRNQPEWFRNVLSIAPIMFSNKMARLGKGYMFKSKSMKLRTQIPAEMLTSIDLKYFNESTRKKIEKIRPLLIDGTVSLSPGMMMGMFNMLSTVLGVSILNLGQKKYTKTTYWWDGLQSSDDFALIVNAPNHEGIQAGVDRFYRTCKLVGINMSKKKSYTNRTGTFEFTSFFYRYGFVANFSMELPSFGVSGINESDDMSIGVTVIKNNMINNDLGPATAQMALQLFIKDYRYTYRCHRGDTQIQTRRSFELKKLWEQTRSKAGLLISDGGPNLYNIRNLHIPEVCLKWELMDEDYQGRLCNPLNPFVSHKEIESVNNAVVMPAHGPAKSMEYDAVATTHSWIPKRNRSILNTSQRGILEDQQMYQKCCNLFEKFFPSSSYRRPVGISSMVEAMVSRARIDARIDFESGRIKKEEFAEIMKICSTIEELRRQK,Russia,-N/A-,M81580,H2N2,H2N2 | M81580 | A/Leningrad/134/17/1957,M81580|A/Leningrad/134/17/1957
-N/A-,A/Amsterdam/1609/1977,MDVNPTLLFLKVPAQNAISTTFPYTGDPPYSHGTGTGYTMDTVNRTHQYSEKGRWTTNTETGAPQLNPIDGPLPEDNEPSGYAQTDCVLEAMAFLEESHPGIFENSCLEAMEVVQQTRVDRLTQGRQTYDWTLNRNQPAATALANTIEVFRSNGLTANESGRLIDFLKDVIESMDKEEMEITTHFQRKRRVRDNMTKKMVTQRTIGKKKQRVNKRSYLIRALTLNTMTKDAERGKLKRRAIATPGMQIRGFVYFVETLARSICEKLEQSGLPVGGNEKKAKLANVVRKMMTNSQDTELSFTITGDNTKWNENQNPRMFLAMITYITKNQPEWFRNILSIAPIMFSNKMARLGKGYMFESKRMKLRTQIPAEMLASIDLKYFNESTRKKIEKIRPLLIDGTASLSPGMMMGMFNMLSTVLGVSILNLGQKKYTKTTYWWDGLQSSDDFALIVNAPNHEGIQAGVDRFYRTCKLVGINMSKKKSYINRTGTFEFTSFFYRYGFVANFSMELPSFGVSGINESADMSIGVTVIKNNMINNDLGPATAQMALQLFIKDYRYTYRCHRGDTQIQTRRSFELKKLWEQTRSKAGLLISDGGPNLYNIRNLHIPEVCLKWELMDEDYQGRLCNPLNPFVSHKEIESVNNAMVMPAHGPAKSMEYDAVATTHSWIPKRNRSILNTSQRGILEDEQMYQKCCNLFEKFFPSSSYRRPVGISSMVEAMVSRARIDARIDFESGRIKKEEFSEIMKICSTIEELRRQK,Netherlands,-N/A-,CY113235,H3N2,H3N2 | CY113235 | A/Amsterdam/1609/1977,CY113235|A/Amsterdam/1609/1977
-N/A-,A/Hvidovre/INS139/2009(H1N1),MDVNPTLLFLKIPAQNAISTTFPYTGDPPYSHGTGTGYTMDTVNRTHQYSEKGKWTTNTETGAPQLNPIDGPLPEDNEPSGYAQTDCVLEAMAFLEESHPGIFENSCLETMEVVQQTRVDKLTQGRQTYDWTLNRNQPAATALANTIEVFRSNGLTANESGRLIDFLKDVMESMNKEEIEITTHFQRKRRVRDNMTKKMVTQRTIGKKKQRLNKRGYLIRALTLNTMTKDAERGKLKRRAIATPGMQIRGFVYFVETLARSICEKLEQSGLPVGGNEKKAKLANVVRKMMTNSQDTEISFTITGDNTKWNENQNPRMFLAMITYITRNQPEWFRNILSMAPIMFSNKMARLGKGYMFESKRMKIRTQIPAEMLASIDLKYFNESTKKKIEKIRPLLIDGTASLSPGMMMGMFNMLSTVLGVSILNLGQKKYTKTIYWWDGLQSSDDFALIVNAPNHEGIQAGVDRFYRTCKLVGINMSKKKSYINKTGTFEFTSFFYRYGFVANFSMELPSFGVSGVNESADMSIGVTVIKNNMINNDLGPATAQMALQLFIKDYRYTYRCHRGDTQIQTRRSFELKKLWDQTQSKVGLLVSDGGPNLYNIRNLHIPEVCLKWELMDDDYRGRLCNPLNPFVSHKEIGSVNNAVVMPAHGPAKSMEYDAVATTHSWIPKRNRSILNTSQRGILEDEQMYQKCCNLFEKFFPSSSYRRPVGISSMVEAMVSRARIDARVDFESGRIKKEEFSEIMKICSTIEELRRQK,Denmark,09-10,CY062793,H1N1,H1N1 | CY062793 | A/Hvidovre/INS139/2009(H1N1),CY062793|A/Hvidovre/INS139/2009(H1N1)
-N/A-,A/Guam/NHRC0013/2009(H1N1),MDVNPTLLFLKIPAQNAISTTFPYTGDPPYSHGTGTGYTMDTVNRTHQYSEKGKWTTNTETGAPQLNPIDGPLPEDNEPSGYAQTDCVLEAMAFLEESHPGIFENSCLETMEIVQQTRVDKLTQGRQTYDWTLNRNQPAATALANTIEVFRSNGLTANESGRLIDFLKDVMESMNKEEIEITTHFQRKRRVRDNMTKKMVTQRTIGKKKQRLNKRGYLIRALTLNTMTKDAERGKLKRRAIATPGMQIRGFVYFVETLARSICEKLEQSGLPVGGNEKKAKLANVVRKMMTNSQDTEISFTITGDNTKWNENQNPRMFLAMITYITRNQPEWFRNILSMAPIMFSNKMARLGKGYMFESKRMKIRTQIPAEMLASIDLKYFNESTKKKIEKIRPLLIDGTASLSPGMMMGMFNMLSTVLGVSILNLGQKKYTKTIYWWDGLQSSDDFALIVNAPNHEGIQAGVDRFYRTCKLVGINMSKKKSYINKTGTFEFTSFFYRYGFVANFSMELPSFGVSGVNESADMSIGVTVIKNNMINNDLGPATAQMALQLFIKDYRYTYRCHRGDTQIQTRRSFELKKLWDQTQSKVGLLVSDGGPNLYNIRNLHIPEVCLKWELMDDDYRGRLCNPLNPFVSHKEIDSVNNAVVMPAHGPAKSMEYDAVATTHSWIPKRNRSILNTSQRGILEDEQMYQKCCNLFEKFFPSSSYRRPVGISSMVEAMVSRARIDARVDFESGRIKKEEFSEIMKICSTIEELRRQK,Guam,-N/A-,CY068992,H1N1,H1N1 | CY068992 | A/Guam/NHRC0013/2009(H1N1),CY068992|A/Guam/NHRC0013/2009(H1N1)
-N/A-,A/Denmark/13/2002(H3N2),MDVNPTLLFLKVPAQNAISTTFPYTGDPPYSHGTGTGYTMDTVNRTHQYSEKGKWTTNTETGAPQLNPIDGPLPEDNEPSGYAQTDCVLEAMAFLEESHPGIFENSCLETMEVVQQTRVDKLTQGRQTYDWTLNRNQPAATALANTIEVFRSNGLTANESGRLIDFLKDVMESMDKEEIEITTHFQRKRRVRDNMTKKMVTQRTIGKKKQRVNKRGYLIRALTLNTMTKDAERGKLKRRAIATPGMQIRGFVYFVETLARSICEKLEQSGLPVGGNEKKAKLANVVRKMMTNSQDTELSFTITGDNTKWNENQNPRMFLAMITYITKNQPEWFRNILSIAPIMFSNKMARLGKGYMFESKRMKLRTQIPAEMLTSIDLKYFNESTRKKIEKIRPLLIDGTASLSPGMMMGMFNMLSTVLGVSILNLGQKKYTKTTYWWDGLQSSDDFALIVNAPNHEGIQAGVDRFYRICKLVGINMSKKKSYINKTGTFEFTSFFYRYGFVANFSMELPSFGVSGINESADMSIGVTVIKNNMINNDLGPATAQMALQLFIKDYRYTYRCHRGDTQIQTRRSFELKKLWDQTQSKAGLLVSDGGPNLYNIRNLHIPEVCLKWELMDEDYRGRLCNPLNPFVSHKEIESVNNAVVMPAHGPAKSMEYDAVATTHSWIPKRNRSILNTSQRGILEDEQMYQKCCNLFEKFFPSSSYRRPVGISSMVEAMVSRARIDARIDFESGRIKKEEFSEIMKICSTIEELRRQK,Denmark,-N/A-,EU097781,H3N2,H3N2 | EU097781 | A/Denmark/13/2002(H3N2),EU097781|A/Denmark/13/2002(H3N2)
California,A/California/VRDL371/2009(H1N1),MDVNPTLLFLKVPAQNAISTTFPYTGDPPYSHGTGTGYTMDTVNRTHQYSERGRWTKNTETGAPQLNPIDGPLPEDNEPSGYAQTDCVLEAMAFLEESHPGIFENSCIETMEVVQQTRVDKLTQGRQTYDWTLNRNQPAATALANTIEVFRSNGLIANESGRLIDFLKDVMESMDRGEVEVTTHFQRKRRVRDNVTKKMVTQRTIGKKKHKLDKRSYLIRALTLNTMTKDAERGKLKRRAVATPGMQIRGFVYFVETLARSICEKLEQSGLPVGGNEKKAKLANVVRKMMTNSQDTEISFTITGDNTKWNENQNPRMFLAMITYITKNQPEWFRNILSIAPIMFSNKMARLGKGYMFESKSMKLRTQIPAEMLANIDLKYFNDSTKKKIEKIRPLLIDGTASLSPGMMMGMFNMLSTVLGVSILNLGQKRYTKTTYWWDGLQSSDDFALIVNAPNYAGIQAGVDRFYRTCKLLGINMSKKKSYINRTGTFEFTSFFYRYGFVANFSMELPSFGVSGVNESADMSIGVTVIKNNMINNDLGPATAQMALQLFIKDYRYTYRCHRGDTQIQTRRSFEIKKLWDQTRSKAGLLVSDGGPNLYNIRNLHIPEVCLKWELMDEDYQGRLCNPLNPFVSHKEIESVNNAVIIPAHGPAKNMEYDAVATTHSWVPKRNRSILNTSQRGILEDEQMYQRCCNLFEKFFPSSSYRRPVGISSMVEAMVSRARIDARIDFESGRIKKEEFAEIMKICSTIEDLRRQK,USA,08-09,CY074633,H1N1,H1N1 | CY074633 | A/California/VRDL371/2009(H1N1),CY074633|A/California/VRDL371/2009(H1N1)
-N/A-,A/Shenzhen/40/2009,MDVNPTLLFLKIPAQNAISTTFPYTGDPPYSHGTGTGYTMDTVNRTHQYSEKGKWTTNTETGAPQLNPIDGPLPEDNEPSGYAQTDCVLEAMAFLEESHPGIFENSCLETMEVVQQTRVDKLTQGRQTYDWTLNRNQPAATALANTIEVFRSNGLTANESGRLIDFLKDVMESMNKEEIEITTHFQRKRRVRDNMTKKMVTQRTIGKKKQRLNKRGYLIRALTLNTMTKDAERGKLKRRAIATPGMQIRGFVYFVEALARSICEKLEQSGLPVGGNEKKAKLANVVRKMMTNSQDTEISFTITGDNTKWNENQNPRIFLAMITYITRNQPEWFRNILSMAPIMFSNKMARLGKGYMFESKRMKIRTQIPAEMLASIDLKYFNESTKKKIEKIRPLLIDGTASLSPGMMMGMFNMLSTVLGVSILNLGQKKYTKTTYWWDGLQSSNDFALIVNAPNHEGIQAGVDRFYRTCRLVGINMSKKKSYINKTGTFEFTSFFYRYGFVANFGMELPSFGVSGVNESADMSIGVTVIKNNMINNDLGPATAQMALQLFIKDYRYTYRCHRGDTQIQTRRSFELKKLWDQTQSKVGLLVSDGGPNLYNIRNLHIPEVCLKWELMDDDYRGRLCNPLNPFVSHKEIDSVNNAVVMPAHGPAKSMEYDAVATTHSWIPKRNRSILNTSQRGILEDEQMYQKCCNLFEKFFPSSSYRRPVGISSMVEAMVSRAGIDARVDFESGRIKKEEFSEIMKICSTIEELRRQK,China,-N/A-,CY095783,H1N1,H1N1 | CY095783 | A/Shenzhen/40/2009,CY095783|A/Shenzhen/40/2009
-N/A-,A/Aarhus/INS237/2009(H1N1),MDVNPTLLFLKIPAQNAISTTFPYTGDPPYSHGTGTGYTMDTVNRTHQYSEKGKWTTNTETGAPQLNPIDGPLPEDNEPSGYAQTDCVLEAMAFLEESHPGIFENSCLETMEVVQQTRVDKLTQGRQTYDWTLNRNQPAATALANTIEVFRSNGLTANESGRLIDFLKDVMESMNKEEIEITTHFQRKRRVRDNMTKKMVTQRTIGKKKQRLNKRGYLIRALTLNTMTKDAERGKLKRRAIATPGMQIRGFVYFVETLARSICEKLEQSGLPVGGNEKKAKLANVVRKMMTNSQDTEISFTITGDNTKWNENQNPRMFLAMITYITRNQPEWFRNILSMAPIMFSNKMARLGKGYMFESKRMKIRTQIPAEMLSSIDLKYFNESTKKKIEKIRPLLIDGTASLSPGMMMGMFNMLSTVLGVSILNLGQKKYTKTIYWWDGLQSSDDFALIVNAPNHEGIQAGVDRFYRTCKLVGINMSKKKSYINKTGTFEFTSFFYRYGFVANFSMELPSFGVSGVNESADMSIGVTVIKNNMINNDLGPATAQMALQLFIKDYRYTYRCHRGDTQIQTRRSFELKKLWDQTQSKGGLLVSDGGPNLYNIRNLHIPEVCLKWELMDDDYRGRLCNPLNPFVSHKEIDSVNNAVVMPAHGPVKSMEYDAVATTHSWIPKRNRSILNTSQRGILEDEQMYQKCCNLFEKFFPSSSYRRPVGISSMVEAMVSRARIDARVDFESGRIKKEEFSEIMKICSTIEELRRQK,Denmark,09-10,CY066949,H1N1,H1N1 | CY066949 | A/Aarhus/INS237/2009(H1N1),CY066949|A/Aarhus/INS237/2009(H1N1)
