state_province,strain_name,sequence,country,flu_season,accession,creation_date,subtype,id_long,id
-N/A-,A/Singapore/ON2081/2009,MSLLTEVETYVLSIIPSGPLKAEIAQRLESVFAGKNTDLEALMEWLKTRPILSPLTKGILGFVFTLTVPSERGLQRRRFVQNALNGNGDPNNMDRAVKLYKKLKREITFHGAKEVSLSYSTGALASCMGLIYNRMGTVTTEAAFGLVCATCEQIADSQHRSHRQMATTTNPLIRHENRMVLASITAKAMEQMAGSSEQAAEAMEVANQTRQMVHAMRTIGTHPSSSAGLKDDLLENLQAYQKRMGVQMQRFK,Singapore,-N/A-,CY123748,07/09/2012,H1N1,H1N1 | CY123748 | A/Singapore/ON2081/2009,CY123748|A/Singapore/ON2081/2009
-N/A-,A/Hvidovre/INS290/2009(H1N1),MSLLTEVETYVLSIIPSGPLKAEIAQRLESVFAGKNTDLEALMEWLKTRPILSPLTKGILGFVFTLTVPSERGLQRRRFVQNALNGNGDPSNMDRAVKLYKKLKREITFHGAKEVSLSYSTGALASCMGLIYNRMGTVTTEAAFGLVCATCEQIADSQHRSHRQMATTTNPLIRHENRMVLASTTAKAMEQMAGSSEQAAEAMEVANQTRQMVHAMRTIGTHPSSSAGLKDDLLENLQAYQKRMGVQMQRFK,Denmark,09-10,CY066696,07/19/2010,H1N1,H1N1 | CY066696 | A/Hvidovre/INS290/2009(H1N1),CY066696|A/Hvidovre/INS290/2009(H1N1)
Colorado,A/Colorado/33/2007,MSLLTEVETYVLSIIPSGPLKAEVAQRLEDVFAGKNTDLEALMEWLKTRPILSPLTKGILGFVFTLTVPSERGLQRRRFVQNALNGNGDPNNMDRAVKLYRKLKREITFHGAKEIALSYSAGALASCMGLIYNRMGAVTTESAFGLICATCEQIADSQHKSHRQMVTTTNPLIRHENRMVLASTTAKAMEQMAGSSEQAAEAMEVASQARQMVQAMRAIGTHPSSSTGLKNDLLENLQAYQKRMGVQMQRFK,USA,07-08,EU716614,03/30/2012,H1N1,H1N1 | EU716614 | A/Colorado/33/2007,EU716614|A/Colorado/33/2007
-N/A-,A/Zhejiang/91/2009,MSLLTEVETYVLSIIPSGPLKAEIAQRLESVFAGKNTDLEALMEWLKTRPILSPLTKGILGFVSTLTVPSERGLQRRRFVQNALNGNGDPNNMDRAVKLYKKLKREITFHGAKEVSLSYSTGALASCMGLIYNRMGTVTTEAAFGLVCATCEQIADSQHRSHRQMATTTNPLIRHENRMVLASTTAKAMEQMAGSSEQAAEAMEVANQTRQMVHAMRTIGTHPSSSAGLKDDLLENLQAYQKRMGVQMQRFK,China,-N/A-,CY095995,04/16/2012,H1N1,H1N1 | CY095995 | A/Zhejiang/91/2009,CY095995|A/Zhejiang/91/2009
-N/A-,A/Warsaw/INS99/2009(mixed),MSLLTEVETYVLSIIPSGPLKAEIAQRLESVFAGKNTDLEALMEWLKTRPILSPLTKGILGFVFTLTVPSERGLQRRRFVQNALNGNGDPNNMDRAVKLYKKLKREITFHGAKEVSLSYSTGALASCIGLIYNRMGTVTTEAAFGLVCATCEQIADSQHRSHRQMATTTNPLIRHENRMVLASTTAKAMEQMAGSSEQAAEAMEVANQTRQMVHAMRTIGTHPSSSAGLKDDLLENLQAYQKRMGVQMQRFK,Poland,09-10,CY083699,03/03/2011,mixed,mixed | CY083699 | A/Warsaw/INS99/2009(mixed),CY083699|A/Warsaw/INS99/2009(mixed)
-N/A-,A/Budapest/WRAIR3789T/2011,MSLLTEVETYVLSIIPSGPLKAEIAQRLEGVFAGKNTDLEALMEWLKTRPILSPLTKGILGFVFTLTVPSERGLQRRRFIQNALNGNGDPNNMDRAVKLYKKLKREITFHGAKEVSLSYSTGALASCMGLIYNRMGTVTTEAAFGLVCATCEQIADSQHRSHRQMATTTNPLIRHENRMVLASTTAKAMEQMAGSSEQAAEAMEVANQTRQMVHAMRTIGTHPSSSAGLKDDLLENLQAYQKRMGVQMQRFK,Hungary,10-11,CY097983,04/12/2012,H1N1,H1N1 | CY097983 | A/Budapest/WRAIR3789T/2011,CY097983|A/Budapest/WRAIR3789T/2011
-N/A-,A/Niigata/08F093/2009(H1N1),MSLLTEVETYVLSIIPSGPLKAEIAQRLEDVFAGKNTDLEALMEWLKTRPILSPLTKGILGLVFTLTVPSERGLQRRRFVQNALNGNGDPNNMDRAVKLYRKLKREITFHGAKEIALSYSAGALASCMGLIYNRMGAVTTESAFGLICATCEQIADSQHKSHRQMVTTTNPLIRHENRMVLASTTAKAMEQMAGSSEQAAEAMEVASQARQMVQAMRAIGTHPSSSTGLKNDLLENLQAYQKRMGVQMQRFK,Japan,08-09,CY043508,02/08/2010,H1N1,H1N1 | CY043508 | A/Niigata/08F093/2009(H1N1),CY043508|A/Niigata/08F093/2009(H1N1)
-N/A-,A/Guam/NHRC0002/2009(H1N1),MSLLTEVETYVLSIIPSGPLKAEIAQRLESVFAGKNTDLEALMEWLKTRPILSPLTKGILGFVFTLTVPSERGLQRRRFVQNALNGNGDPNNMDRAIKLYKKLKREITFHGAKEVSLSYSTGALASCMGLIYNRMGTVTTEAAFGLVCATCEQIADSQHRSHRQMATTTNPLIRHENRMVLASTTAKAMEQMAGSSEQAAEAMEVANQTRQMVHAMRTIGTHPSSSAGLKDDLLENLQAYQKRMGVQMQRFK,Guam,-N/A-,CY065937,07/07/2010,H1N1,H1N1 | CY065937 | A/Guam/NHRC0002/2009(H1N1),CY065937|A/Guam/NHRC0002/2009(H1N1)
Tennessee,A/Memphis/4/2002(H3N2),MSLLTEVETYVLSIVPSGPLKAEIAQRLEDVFAGKNTDLEALMEWLKTRPILSPLTKGILGFVFTLTVPSERGLQRRRFVQNALNGNGDPNNMDKAVKLYRKLKREITFHGAKEIALSYSAGALASCMGLIYNRMGAVTTEVAFGLVCATCEQIADSQHRSHRQMVATTNPLIKHENRMVLASNTAKAMEQMAGSSEQAAEAMEIASQARQMVQAMRNVGTHPSSSTGLRDDLLENLQTYQKRMGVQMQRFK,USA,-N/A-,CY068891,10/28/2010,H3N2,H3N2 | CY068891 | A/Memphis/4/2002(H3N2),CY068891|A/Memphis/4/2002(H3N2)
-N/A-,A/Chile/42/2009(H1N1),MSLLTEVETYVLSIIPSGPLKAEIAQRLENVFAGKNTDLEALMEWLKTRPILSPLTKGILGFVFTLTVPSERGLQRRRFVQNALNGNGDPNNMDRAVRLYKKLKREITFHGAKEMSLSYSTGALASCMGLIYNRMGTVTTEAAFGLVCATCEQIADSQHRSHRQMATTTNPLIRHENRMVLASTTAKAMEQMAGSSEQAAEAMEVANQTRQMVHAMRTIGTHPSSSAGLKDDLLENLQAYQKRMGVQMQRFK,Chile,-N/A-,CY075124,10/14/2010,H1N1,H1N1 | CY075124 | A/Chile/42/2009(H1N1),CY075124|A/Chile/42/2009(H1N1)
California,A/California/VRDL98/2009(H1N1),MSLLTEVETYVLSIIPSGPLKAEIAQRLESVFAGKNTDLEALMEWLKTRPILSPLTKGILGFVFTLTVPSERGLQRRRFVQNALNGNGDPNNMDRAVKLYKKLKREITFHGAKEVSLSYSTGALASCMGLIYNRMGTVTTEAAFGLVCATCEQIADSQHRSHRQMATTTNPLIRHENRMVLASTTAKAMEQMAGSSEQAAEAMEVANQTRQMVHAMRTVGTHPSSSAGLKDDLLENLQAYQKRMGVQMQRFK,USA,09-10,CY063140,05/14/2010,H1N1,H1N1 | CY063140 | A/California/VRDL98/2009(H1N1),CY063140|A/California/VRDL98/2009(H1N1)
-N/A-,A/Brisbane/59/2007,MSLLTEVETPIRNEWGCRCNDSSDPLVVAASIIGIVHLILWIIDRLFSKSIYRIFKHGLKRGPSTEGVPESMREEYREEQQNAVDADDDHFVSIELEG,Australia,-N/A-,CY064977,03/28/2012,H1N1,H1N1 | CY064977 | A/Brisbane/59/2007,CY064977|A/Brisbane/59/2007
Massachusetts,A/Boston/583/2009(H1N1),MSLLTEVETYVLSIIPSGPLKAEIAQRLESVFAGKNTDLEALMEWLKTRPILSPLTKGILGFVFTLTVPSERGLQRRRFVQNALNGNGDPNNMDKAVKLYKKLKREITFHGAKEVSLSYSTGALASCMGLIYNRMGTVTTEAAFGLVCATCEQIADSQHRSHRQMATTTNPLIRHENRMVLASTTAKAMEQMAGSSEQAAEAMEVANQTRQMVHAMRTIGTHPSSSAGLKDDLLENLQAYQKRMGVQMQRFK,USA,09-10,CY089188,04/05/2011,H1N1,H1N1 | CY089188 | A/Boston/583/2009(H1N1),CY089188|A/Boston/583/2009(H1N1)
-N/A-,A/DaNang/DN311/2008,MSLLTEVETYVLSIVPSGPLKAEIAQRLEDVFAGKNTDLEALMEWLKTRPILSPLTKGILGFVFTLTVPSERGLQRRRFVQNALNGNGDPNNMDKAVKLYRKLKREITFHGAKEIALSYSAGALASCMGLIYNRMGAVTTEVAFGLVCATCEQIADSQHRSHRQMVATTNPLIKHENRMVLASTTAKAMEQMAGSSEQAAEAMEIASQARQMVQAMRAIGTHPSSSTGLRDDLLENLQXYQKRMGVQMQRFK,Viet Nam,-N/A-,CY104565,04/12/2012,H1N1,H1N1 | CY104565 | A/DaNang/DN311/2008,CY104565|A/DaNang/DN311/2008
-N/A-,A/Lisboa/89/2009(H1N1),MSLLTEVETYVLSIIPSGPLKAEIAQRLESVFAGKNTDLEALMEWLKTRPILSPLTKGILGLVFTLTVPSERGLQRRRFVQNALNGNGDPNNMDRAVKLYKKLKREITFHGAKEVSLSYSTGALASCMGLIYNRMGTVTTEAAFGLVCATCEQIADSQHRSHRQMATTTNPLIRHENRMVLASTTAKAMEQMAGSSEQAAEAMEVANQTRQMVHAMRTIGTHPSSSAGLKDDLLENLQAYQKRMGVQMQRFK,Portugal,09-10,CY067920,08/04/2010,H1N1,H1N1 | CY067920 | A/Lisboa/89/2009(H1N1),CY067920|A/Lisboa/89/2009(H1N1)
Vermont,A/Vermont/20/2009,MSLLTEVETYVLSIIPSGPLKAEIAQRLESVFAGKNTDLEALMEWLKTRPILSPLTKGILGFVFTLTVPSERGLQRRRFVQNALNGNGDPNNMDRAVKLYKKLKREITFHGAKEVSLSYSTGALASCMGLIYNRMGTVTTEAAFGLLCATCEQIADSQHRSHRQMATTTNPLIRHENRMVLASTTAKAMEQMAGSSEQAAEAMEVANQTRQMVHAMRTIGTHPSSSAGLKDDLLENLQAYQKRMGVQMQRFK,USA,09-10,KC780714,04/09/2013,H1N1,H1N1 | KC780714 | A/Vermont/20/2009,KC780714|A/Vermont/20/2009
-N/A-,A/Moscow/IIV-33/2010,MSLLTEVETYVLSIIPSGPLKAEIAQRLESVFAGKNTDLEALMEWLKTRPILSPLTKGILGFVFTLTVPSERGLQRRRFIQNALNGNGDPNNMDRAVKLYKKLKREITFHGAKEVSLSYSTGALASCMGLIYNRMGTVTTEAAFGLVCATCEQIADSQHRSHRQMATTTNPLIRHENRMVLASTTAKAMEQMAGSSEQAAEAMEVANQTRQMVHAMRTIGTHPSSSAGLKDDLLENLQAYQKRMGVQMQRFK,Russia,10-11,HQ834749,01/23/2011,H1N1,H1N1 | HQ834749 | A/Moscow/IIV-33/2010,HQ834749|A/Moscow/IIV-33/2010
-N/A-,A/Thailand/CU51/2006(H1N1),MSLLTEVETYVLSIIPSGPLKAEIAQRLEDVFAGKNTDLEALMEWLKTRPILSPLTKGILGFVFTLTVPSERGLQRRRFVQNALNGNGDPNNMDRAVKLYRKLKREITFHGAKEIALSYSAGALASCMGLIYNRMGAVTTESAFGLICATCEQIADSQHKSHRQMVTTTNPLIRHENRMVLASTTAKAMEQMAGSSEQAAEAMEVASRARQMVQAMRAIGTHPSSSTGLKNDLLDNLQAYQKRMGVQMQRFK,Thailand,-N/A-,FJ912929,04/12/2010,H1N1,H1N1 | FJ912929 | A/Thailand/CU51/2006(H1N1),FJ912929|A/Thailand/CU51/2006(H1N1)
-N/A-,A/Siena/10/1989(H1N1),MSLLTEVETYVLSIVPSGPLKAEIAQRLENVFAGKNTDLEALMEWLKTRPILSPLTKGILGFVFTLTVPSERGLQRRRFVQNALNGNGDPNNMDRAVKLYRKLKREITFHGAKEIALSYSAGALASCMGLIYNRMGAVTTESAFGLICATCEQIADSQHKSHRQMVTTTNPLIRHENRMVLASTTAKAMEQMAGSSEQAAEAMEVASQARQMVQAMRAIGTHPSSSAGLKNDLLENLQAYQKRMGVQMQRFK,Italy,88-89,CY036824,01/07/2009,H1N1,H1N1 | CY036824 | A/Siena/10/1989(H1N1),CY036824|A/Siena/10/1989(H1N1)
-N/A-,A/Leningrad/134/17/1957,MSLLTEVETYVLSIVPSGPLKAEIAQRLEDVFAGKNTDLEALMEWLKTRPILSPLTKGILGFVFTLTVPSERGLQRRRFVQNALNGNGDPNNMDRAVKLYRKLKREITFHGAKEIALSYSAGALASCMGLIYNRMGAVTTEVAFGLVCATCEQIADSQHRSHRQMVITTNPLIRHENRMVLASTTAKAMEQMAGSSEQAAEAMEVASQARQMVQAMRAIGTHPSSSAGLKSDLLENLQAYQKRMGVQMQRFK,Russia,-N/A-,M81576,03/28/2012,H2N2,H2N2 | M81576 | A/Leningrad/134/17/1957,M81576|A/Leningrad/134/17/1957
-N/A-,A/Gunma/262/2009,MSLLTEVETYVLSIIPSGPLKAEIAQRLESVFAGKNTDLEALMEWLKTRPILSPLTKGILGFVYTLTVPSERGLQRRRFVQNALNGNGDPNNMDRAVKLYKKLKREITFHGAKEVSLSYSTGALASCMGLIYNRMGTVTTEAAFGLVCATCEQIADSQHRSHRQMATTTNPLIRHENRMVLASTTAKAMEQMAGSSEQAAEAMEVANQTRQMVHAMRTIGTHPSSSAGLKDDLLENLQAYQKRMGVQMQRFK,Japan,09-10,AB704425,07/25/2012,H1N1,H1N1 | AB704425 | A/Gunma/262/2009,AB704425|A/Gunma/262/2009
-N/A-,A/Thailand/CU231/2006(H3N2),MSLLTEVETYVLSIVPSGPLKAEIAQRLEDVFAGKNTDLEALMEWLKTRPILSPLTKGILGFVFTLTVPSERGLQRRRFVQNALNGNGDPNNMDKAVKLYRKLKREITFHGAKEIALSYSAGALASCMGLIYNRMGAVTTEVAFGLVCATCEQIADSQHRSYRQMVATTNPLIKHENRMVLASTTAKAMEQMAGSSEQAAEAMEIASQARQMVQAMRAIGTHPSSSTGLRDDLLENLQTYQKRMGVQMQRFK,Thailand,-N/A-,FJ912953,04/05/2010,H3N2,H3N2 | FJ912953 | A/Thailand/CU231/2006(H3N2),FJ912953|A/Thailand/CU231/2006(H3N2)
Unknown,A/Cornell/1001/1967(H2N2),MSLLTEVETYVLSIIPSGPLKAEIAQRLENVFAGKNTDLEALMEWLKTRPILSPLTKGILGFVFTLTVPSERGLQRRRFVQNALNGNGDPNNMDRAVKLYRKLKREITFHGAKEIALSYSAGALASCMGLIYNRMGAVTTEVVFGLVCATCEQIADSQHRSHRQMVTTTNPLIRHENRMVLASTTAKAMEQMAGSSEQAAEAMEVASQARQMVQAMRAIGTHPSSSAGLKDDLLENLQAYQKRMGVQMQRFK,USA,-N/A-,CY125919,10/31/2012,H2N2,H2N2 | CY125919 | A/Cornell/1001/1967(H2N2),CY125919|A/Cornell/1001/1967(H2N2)
Washington,A/Washington/28/2007,MSLLTEVETYVLSIIPSGPLKAEIAQRLEDVFAGKNTDLEALMEWLKTRPILSPLTKGILGFVFTLTVPSERGLQRRRFVQNALNGNGDPNNMDRAVKLYRKLKREITFHGAKEIALSYSAGALASCMGLIYNRMGAVTTESAFGLICATCEQIADSQHKSHRQMVTTTNPLIRHENRMVLASTTAKAMEQMAGSSEQAAEAMEVASQARQMVQAMRAIGTHPSSSTGLKNDLLENLQVYQKRMGVQMQRFK,USA,07-08,EU716552,04/17/2012,H1N1,H1N1 | EU716552 | A/Washington/28/2007,EU716552|A/Washington/28/2007
Texas,A/Texas/42163291/2009(H1N1),MSLLTEVETYVLSIIPSGPLKAEIAQRLESVFAGKNTDLEALMEWLKTRPILSPLTKGILGFVFTLTVPSERGLQRRRFVQNALNGNGDPNNMDRAVKLYKKLKREITFHGAKEVSLSYSTGALASCMGLIYNRMGTVTTEAAFGLVCATCEQIADSQHRSHRQMATTTNPLIRHENRMVLASTTAKAMEQMAGSSEQAAEAMEVANQTRQMVHAMRTIGTXPSSSAGLKDDLLENLQAYQKRMGVQMQRFK,USA,08-09,CY052211,02/08/2010,H1N1,H1N1 | CY052211 | A/Texas/42163291/2009(H1N1),CY052211|A/Texas/42163291/2009(H1N1)
Texas,A/Texas/1/1977,MSLLTEVETYVLSIVPSGPLKAEIAQRLEDVFAGKNTDLEALMEWLKTRPILSPLTKGILGFVFTLTVPSERGLQRRRFVQNALNGNGDPNNMDRAVKLYRKLKREITFHGAKEIALSYSAGALASCMGLIYNRMGAVTTEVAFGLVCATCEQIADSQHRSHRQMVATTNPLIRHENRMVLASTTAKAMEQMAGSSEQAAEAMEVASQARQMVQAMRAIGTHPRSSAGLKDDLLENLQAYQKRMGVQMQRFK,USA,-N/A-,CY120993,07/09/2012,H3N2,H3N2 | CY120993 | A/Texas/1/1977,CY120993|A/Texas/1/1977
-N/A-,A/Taiwan/2649/2011,MSLLTEVETYVLSIIPSGPLKAEIAQRLESVFAGKNTDLEALMEWLKTRPILSPLTKGILGFVFTLTVPSERGLQRRRFVQNALNGNGDPNNMDRAVKLYKKLKREITFHGAKEVSLSYSTGALASCMGLIYNRMGTVTTEAAFGLVCATCEQIADSQHRSHRQMATTTNPLIRHENRMVLASTTAKAMEQMAGSSEQAAEAMEVANQTRQMVHAMRTIGTHPSSSAGLKNDLLENLQAYQKRMGVQMQRFK,Taiwan,-N/A-,JN187318,01/25/2012,H1N1,H1N1 | JN187318 | A/Taiwan/2649/2011,JN187318|A/Taiwan/2649/2011
-N/A-,A/Tessenderlo/INS191/2009(H1N1),MSLLTEVETYVLSIIPSGPLKAEIAQRLESVFAGKNTDLEALMEWLKTRPILSPLTKGILGFVFTLTVPSERGLQRRRFVQNALNGNGDPNNMDRAVKLYKKLKREITFHGAKEVSLSYSTGALASCMGLIYNRMGTVTTEAAFGLVCATCEQIADLQHRSHRQMATTTNPLIRHENRMVLASTTAKAMEQMAGSSEQAAEAMEVANQTRQMVHAMRTIGTHPSSSAGLKDDLLENLQAYQKRMGVQMQRFK,Belgium,09-10,CY063052,05/17/2010,H1N1,H1N1 | CY063052 | A/Tessenderlo/INS191/2009(H1N1),CY063052|A/Tessenderlo/INS191/2009(H1N1)
California,A/California/VRDL113/2009(H1N1),MSLLTEVETYVLSIIPSGPLKAEIAQRLESVFAGKNTDLEVLMEWLKTRPILSPLTKGILGFVFTLTVPSERGLQRRRFVQNALNGNGDPNNMDRAVKLYKKLKREITFHGAKEVSLSYSTGALASCMGLIYNRMGTVTTEAAFGLVCATCEQIADSQHRSHRQMATTTNPLIRHENRMVLASTTAKAMEQMAGSSEQAAEAMEVANQTRQMVHAMRTIGTHPSSSAGLKDDLLENLQAYQKRMGVQMQRFK,USA,09-10,CY066280,07/16/2010,H1N1,H1N1 | CY066280 | A/California/VRDL113/2009(H1N1),CY066280|A/California/VRDL113/2009(H1N1)
Mississippi,A/Mississippi/UR07-0024/2008(H3N2),MSLLTEVETYVLSIVPSGPLKAEIAQRLEDVFAGKNTDLEALMEWLKTRPILSPLTKGILGFVFTLTVPSERGLQRRRFVQNALNGNGDPNNMDKAVKLYRKLKREITFHGAKEIALSYSAGALASCMGLIYNRMGAVTTEVAFGLVCATCEQIADSQHRSHRQMVATTNPLIKHENRMVLASTTAKAMEQMAGSSEQAAEAMEIASQARQMVQAMRSIGTHPSSSTGLRDDLLENLQTYQKRMGVQMQRFK,USA,07-08,CY039416,06/19/2009,H3N2,H3N2 | CY039416 | A/Mississippi/UR07-0024/2008(H3N2),CY039416|A/Mississippi/UR07-0024/2008(H3N2)
-N/A-,A/Thailand/CU-H2283/2010(H1N1),MSLLTEVETYVLSIIPSGPLKAEIAQRLESVFAGKNTDLEALMEWLKTRPILSPLTKGILGFVFTLTVPSERGLQRRRFIQNALNGNGDPNNMDRAVKLYKKLKREITFHGAKEVSLSYSTGALASCMGLIYNRMGTVTTEAAFGLVCATCEQIADSQHRSHRQMATTNNPLIRHENRMVLASTTAKAMEQMAGSSEQAAEAMEVANQTRQMVHAMRTIGTHPSSSAGLKDDLLENLQAYQKRMGVQMQRFK,Thailand,-N/A-,CY088811,01/14/2013,H1N1,H1N1 | CY088811 | A/Thailand/CU-H2283/2010(H1N1),CY088811|A/Thailand/CU-H2283/2010(H1N1)
-N/A-,A/England/05040482/2010,MSLLTEVETYVLSIIPSGPLKAEIAQRLESVFAGKNTDLEALMEWLKTRPILSPLTKGILGFVFTLTVPSERGLQRRRFIQNALNGNGDPNNMDRAVKLYKKLKREITFHGAKEVSLSYSTGALASCMGLIYNRMGTVTTEAAFGLVCATCEQIADSQHRSHRQMATTTNPLIRHENRMVLASTTAKAMEQMAGSSEQAAEAMEVANQTRQMVHAMRTIGTHPSSSTGLKDDLLENLQAYQKRMGVQMQRFK,United Kingdom,10-11,JX625833,12/03/2012,H1N1,H1N1 | JX625833 | A/England/05040482/2010,JX625833|A/England/05040482/2010
-N/A-,A/Mexico/InDRE2118/2005,MSLLTEVETYVLSIVPSGPLKAEIAQRLEDVFAGXXTDLEALMEWLKTRPILSPLTKGILGFVFTLTVPSERGLQRRRFVQNALNGNGDPNNXDKAVKLYRKLKREITFHGAKEIALSYSAGALASCMGLIYNRMGAVTTEVAFGLVCATCEQIADSQHKSHRQMVATTNPLIRHENRMVLASTTAKAMEQMAGSSEQAAEAMEIASQTRQMVQAMRAIGTHPSSSTGLRDDLLENLQAYQKRMGVQMQRFK,Mexico,-N/A-,CY100557,12/07/2012,H3N2,H3N2 | CY100557 | A/Mexico/InDRE2118/2005,CY100557|A/Mexico/InDRE2118/2005
Massachusetts,A/Boston/58/2008(H3N2),MSLLTEVETYVLSIVPSGPLKAEIAQRLEDVFAGKNTDLEALMEWLKTRPILSPLTKGILGFVFTLTVPSERGLQRRRFIQNALNGNGDPNNMDKAVKLYRKLKREITFHGAKEIALSYSAGALASCMGLIYNRMGAVTTEVAFGLVCATCEQIADSQHRSHRQMVATTNPLIRHENRMVLASTTAKAMEQMAGSSEQAAEAMEIASQARQMVQAMRAIGTHPSSSTGLRDDLLENLQTYQKRMGVQMQRFK,USA,07-08,CY044717,08/26/2009,H3N2,H3N2 | CY044717 | A/Boston/58/2008(H3N2),CY044717|A/Boston/58/2008(H3N2)
-N/A-,A/Fukushima/141/2006(H1N1),MSLLTEVETYVLSIIPAGPLKAEIAQRLEDVFAGKNTDLEALMEWLKTRPILSPLTKGILGFVFTLTVPSERGLQRRRFVQNALNGNGDPNNMDRAVKLYRKLKREITFHGAKEIALSYSAGALASCMGLIYNRMGAVTTESAFGLICATCEQIADSQHKSHRQMVTTTNPLIRHENRMVLASTTAKAMEQMAGSSEQAAEAMEVASQARQMVQAMRAIGTHPSSSTGLKNDLLDNXQAYQKRMGVQMQRFK,Japan,-N/A-,CY056357,09/27/2010,H1N1,H1N1 | CY056357 | A/Fukushima/141/2006(H1N1),CY056357|A/Fukushima/141/2006(H1N1)
-N/A-,A/Peru/WRAIR1509P/2007(H1N1),MSLLTEVETYVLSIIPSGPLKAEIAQRLEDVFAGKNTDLEALMEWIKTRPILSPLTKGILGFVFTLTVPSERGLQRRRFVQNALNGNGDPNNMDRAVKLYRKLKREITFHGAKEMALSYSAGALASCMGLIYNRMGAVTTESAFGLICATCEQIADSQHKSHRQMVTTTNPLIRHENRMVLASTTAKAMEQMAGSSEQAAEAMEVASQARQMVQAMRAIGTHPSSSTGLKNDLLENLQAYQKRMGVQMQRFK,Peru,-N/A-,CY070155,08/20/2010,H1N1,H1N1 | CY070155 | A/Peru/WRAIR1509P/2007(H1N1),CY070155|A/Peru/WRAIR1509P/2007(H1N1)
-N/A-,A/Lisboa/104/2009(H1N1),MSLLTEVETYVLSIIPSGPLKAEIAQRLESVFAGKNTDLEALMEWLKTRPILSPLTKGILGFVFTLTVPSERGLQRRRFVQNALNGNGDPNNMDRAVKLYKKLKREITFHGAKEVSLSYSTGALASCMGLIYNRMGTVTTEAAFGLVCATCEQIADSQHRSHRQMATTTNPLIRHENRMVLASTTAKAMEQMAGSSEQAAEAMEVANQTRHMVHAMRTIGTHPSSSAGLKDDLLENLQAYQKRMGVQMQRFK,Portugal,09-10,CY067758,08/03/2010,H1N1,H1N1 | CY067758 | A/Lisboa/104/2009(H1N1),CY067758|A/Lisboa/104/2009(H1N1)
Tennessee,A/Memphis/8/1988,MSLLTEVETYVLSIVPSGPLKAEIAQRLEDVFAGKNTDLEALMEWLKTRPILSPLTKGILGFVFTLTVPSERGLQRRRFVQNALNGNGDPNNMDRAVKLYRKLKREITFHGAKEIALSYSAGALASCMGLIYNRMGAVTTEVAFGLVCATCEQIADSQHRSHRQMVATTNPLIRHENRMVLASTTAKAMEQMAGSSEQAAEAMEIASQARQMVQAMRAIGTHPSSSAGLKDDLLENLQTYQKRMGVQVQRFK,USA,-N/A-,M63516,04/25/2012,H3N2,H3N2 | M63516 | A/Memphis/8/1988,M63516|A/Memphis/8/1988
Kentucky,A/Kentucky/UR07-0148/2008,MSLLTEVETYVLSIVPSGPLKAEIAQRLEDVFAGKNTDLEALMEWLKTRPILSPLTKGILGFVFTLTVPSERGLQRRRFVQNALNGNGDPNNMDKAVKLYRKLKREITFHGAKEIALSYSAGALASCMGLIYNRMGAVTTEVALGLVCATCEQIADSQHRSHRQMVATTNPLIKHENRMVLASTTAKAMEQMAGSSEQAAEAMEIASQARQMVQAMRAIGTHPSSSTGLRDDLLENLQTYQKRMGVQMQRFK,USA,07-08,CY038856,03/06/2012,H3N2,H3N2 | CY038856 | A/Kentucky/UR07-0148/2008,CY038856|A/Kentucky/UR07-0148/2008
Ohio,A/Ohio/UR07-0043/2008(H3N2),MSLLTEVETYVLSIVPSGPLKAEIAQRLEDVFAGKNTDLEALMEWLKTRPILSPLTKGILGFVFTLTVPSERGLQRRRFVQNALNGNGDPNNMDKAVKLYRKLKREITFHGAKEIALSYSAGALASCMGLIYNRMGAVTTEVAFGLVCATCEQIADSQHRSHRQMVATTNPLIKHENRMVLASTTAKAMEQMAGSSEQAAEAMEIASQTRQMVQAMRAIGTHPSSSTGLRDDLLENLQTYQKRMGVQMQRFK,USA,07-08,CY036960,01/06/2009,H3N2,H3N2 | CY036960 | A/Ohio/UR07-0043/2008(H3N2),CY036960|A/Ohio/UR07-0043/2008(H3N2)
-N/A-,A/Chile/32/2009(H1N1),MSLLTEVETYVLSIIPSGPLKAEIAQRLENVFAGKNTDLEALMEWLKTRPILSPLTKGILGFVFTLTVPSERGLQRRRFVQNALNGNGDPNNMDRAVKLYKKLKREITFHGAKEVSLSYSTGALASCMGLIYNRMGTVTTEAAFGLVCATCEQIADSQHRSHRQMATTINPLIRHENRMVLASTTAKAMEQMAGSSEQAAEAMEVANQTRQMVHAMRTIGTHPSSSAGLKDDLLENLQAYQKRMGVQMQRFK,Chile,-N/A-,CY075100,10/14/2010,H1N1,H1N1 | CY075100 | A/Chile/32/2009(H1N1),CY075100|A/Chile/32/2009(H1N1)
Missouri,A/Missouri/03/2009(H1N1),MSLLTEVETYVLSIIPSGPLKAEIAQRLESVFAGKNTDLEALMEWLKTRPILSPLTKGILGFVFTLTVPGERGLQRRRFVQNALNGNGDPNNMDRAVKLYKKLKREITFHGAKEVSLSYSTGALASCMGLIYNRMGTVTTEAAFGLVCATCEQIADSQHRSHRQMATTTNPLIRHENRMVLASTTAKAMEQMAGSSEQAAEAMEVANQTRQMVHAMRTIGTHPSSSAGLKDDLLENLQAYQKRMGVQMQRFK,USA,08-09,GQ232068,06/11/2009,H1N1,H1N1 | GQ232068 | A/Missouri/03/2009(H1N1),GQ232068|A/Missouri/03/2009(H1N1)
-N/A-,A/Moscow/24/2009,MSLLTEVETYVLSIVPSGPLKAEIAQRLEDVFAGKNTDLEALMEWLKTRPILSPLTKGILGFVFTLTVPSERGLQRRRFVQNALNGNGDPNNMDKAVKLYRKLKREITFHGAKEIALSYSAGALASCMGLIYNRMGAVTTEVAFGLVCATCEQIADSQHRSHRQMVATTNPLIXHENRMVLASTTAKAMEQMAGSSEQAAEAMEIASQARQMVQAMRAIGTHPSSSTGLRDDLLENLQTYQKRMGVQMQRFK,Russia,08-09,JQ988026,05/31/2012,H3N2,H3N2 | JQ988026 | A/Moscow/24/2009,JQ988026|A/Moscow/24/2009
Texas,A/Texas/43272683/2009(H1N1),MSLLTEVETYVLSIIPSGPLKAEIAQRLESVFAGKNTDLEALMEWLKTRPILSPLTKGILGFVFTLTVPSERGLQRRRFVQNALNGNGDPNNMDRAVKLYKKLKREITFHGAKEVSLSYSTGALASCMGLIYNRMGTVTTEAAFGLVCATCEQIADSQHRSHRQMATTTNPLIRHENRMVLASTTAKAMEQMAGSSEQAAEAMEVANQTRQMVHAMRTIGTHPSSSAGLKDDLLENLQAYQXRMGVQMQRFK,USA,08-09,CY052368,02/09/2010,H1N1,H1N1 | CY052368 | A/Texas/43272683/2009(H1N1),CY052368|A/Texas/43272683/2009(H1N1)
-N/A-,A/Moscow/WRAIR1627T/2009(H1N1),MSLLTEVETYVLSIIPSGPLKAEIAQRLEDVFAGKNTDLEALMEWLKTRPILSPLTKGILGFVFTLTVPSERGLQRRRFVQNALNGNGDPNNMDRAVKLYKKLKREITFHGAKEVSLSYSTGALASCMGLIYNRMGTVTTEAAFGLVCATCEQIADSQHRSHRQMATTTNPLIRHENRMVLASTTAKAMEQMAGSSEQAAEAMEVANQTRQMVHAMRTIGTHPSSSAGLKDDLLENLQAYQKRMGVQMQRFK,Russia,09-10,CY083251,03/16/2011,H1N1,H1N1 | CY083251 | A/Moscow/WRAIR1627T/2009(H1N1),CY083251|A/Moscow/WRAIR1627T/2009(H1N1)
-N/A-,A/LongAn/HCM665/2006,MSLLTEVETYVLSIIPSGPLKAEIAQRLEDVFAGKNTDLEALMEWLKTRPILSPLTKGILGFVFTLTVPSERGLQRRRFVQNALNGNGDPNNMDRAVKLYRKLKREITFHGAKEIALSYSAGALASCMGLIYNRMGAVTXESAFGLICATCEQIADSQHKSHRQMVTTTNPLIRHENRMVLASTTAKAMEQMAGSSEQAAEAMEVASQARQMVQAMRAIGTHPSSSTGLKNDLLDNLQAYQKRMGVQMQRFK,Viet Nam,-N/A-,CY104671,04/16/2012,H1N1,H1N1 | CY104671 | A/LongAn/HCM665/2006,CY104671|A/LongAn/HCM665/2006
-N/A-,A/NWS/1933,MSLLTEVETYVLSIVPSGPLKAEIAQRLEDVFAGKNTDLEVLMEWLKTRPILSPLTKGILGFVFTLTVPSERGLQRRRFVQNALNGNGDPNNMDKAVKLYRKLKREITFHGAKEIALSYSAGALASCMGLIYNRMGAVATEVAFGLVCATCEQIADSQHRSHRQMVTTTNPLIRHENRMVLASTTAKAMEQMAGSSEQAAEAMDIASQARQMVQAMRTIGTHPSSSTGLKDDLLENLQAYQKRMGVQMQRFK,United Kingdom,-N/A-,L25814,04/02/2012,H1N1,H1N1 | L25814 | A/NWS/1933,L25814|A/NWS/1933
-N/A-,A/Athens/INS397/2010(H1N1),MSLLTEVETYVLSIIPSGPLKAEIAQRLESVFAGKNTDLEALMEWLKTRPILSPLTKGILGFVFTLTVPSERGLQRRRFVQNALNGNGDPNNMDRAVKLYKKLKREITFHGAKEVSLSYSTGALASCMGLIYNRMGTVTTEAAFGLVCATCEQIADSQHRSHRQMVTTTNPLIRHENRMVLASTTAKAMEQMAGSSEQAAEAMEVANQTRQMVHAMRTIGTHPSSSAGLKDDLLENLQAYQKRMGVQMQRFK,Greece,09-10,CY071176,09/02/2010,H1N1,H1N1 | CY071176 | A/Athens/INS397/2010(H1N1),CY071176|A/Athens/INS397/2010(H1N1)
Arizona,A/Arizona/06/2009(H1N1),MSLLTEVETYVLSIIPSGPLKAEIAQRLESVFAGKNTDLEALMEWLKTRPILSPLTKGILGFVFTLTVPSERGLQRRRFVQNALNGNGDPNNMDRAVKLYKKLKREITFHGAKEVSLSYSTGALASCMGLIYNRMGTVTTEAAFGLVCATCEQIADSQHRSHRQMATTTNPLIRHENRMVLASTTAKAMEQMAGSSEQAAEAIEVANQTRQMVHAMRTIGTHPSSSAGLKDDLLENLQAYQKRMGVQMQRFK,USA,-N/A-,GQ894859,09/16/2009,H1N1,H1N1 | GQ894859 | A/Arizona/06/2009(H1N1),GQ894859|A/Arizona/06/2009(H1N1)
California,A/California/VRDL70/2009(H1N1),MSLLTEVETYVLSIIPSGPLKAEIAQRLESVFAGKNTDLEALMEWLKTRPILSPLTKGILGFVFTLTVPSERGLQRRRFVQNALNGNGDPNNMDRAVKLYKKLKREITFHGAKEVSLSYSTGALASCMGLIYNRMGTVTTEAAFGLVCATCEQIADSQHRSHRQMATTTNPLIRHENRMVLASTTAKAMEQMAGSSEQAAEAMEVANQTRQMVHAMRTIGTHPNSSAGLKDDLLENLQAYQKRMGVQMQRFK,USA,08-09,CY055044,02/05/2010,H1N1,H1N1 | CY055044 | A/California/VRDL70/2009(H1N1),CY055044|A/California/VRDL70/2009(H1N1)
Massachusetts,A/Boston/DOA82/2011,MSLLTEVETYVLSIVPSGPLKAEIAQRLEDVFAGKNTDLEALMEWLKTRPILSPLTKGILGFVFTLTVPSERGLQRRRFVQNALNGNGDPNNMDKAVKLYRKLKREITFHGAKEIALSYSAGALASCMGLIYNRMGAVTTEVAFGLVCATCEQIADSQHRSHRQMAATTNPLIKHENRMVLASTTAKAMEQMAGSSEQAAEAMEIASQARQMVQAMRAIGTHPSSSTGLRDDLLENLQTYQKRMGVQMQRFK,USA,10-11,CY111447,04/16/2012,H3N2,H3N2 | CY111447 | A/Boston/DOA82/2011,CY111447|A/Boston/DOA82/2011
California,A/California/VRDL233/2009(H3N2),MSLLTEVETYVLSIVPSGPLKAEIAQRLEDVFAGKNTDLESLMEWLKTRPILSPLTKGILGFVFTLTVPSERGLQRRRFVQNALNGNGDPNNMDKAVKLYRKLKREITFHGAKEIALSYSAGALASCMGLIYNRMGAVTTEVAFGLVCATCEQIADSQHRSHRQMVATTNPLIKHENRMVLASTTAKAMEQMAGSSEQAAEAMEIASQARQMVQAMRAIGTHPSSSTGLRDDLLENLQTYQKRMGVQMQRFK,USA,08-09,CY068274,08/09/2010,H3N2,H3N2 | CY068274 | A/California/VRDL233/2009(H3N2),CY068274|A/California/VRDL233/2009(H3N2)
-N/A-,A/Beijing/01/2009(H1N1),MSLLTEVETYVLSIIPSGPLKAEIAQRLESVFAGKNTDLEALMEWLKTRPILSPLTKGILGFVFTLTVPSERGLQRRRFVQNALNGNGDPNNMDRAVKLYKKLKREITFHGAKEMSLSYSTGALASCMGLIYNRMGTVTTEAAFGLVCATCEQIADSQHRSHRQMATTTNPLIRHENRMVLASTTAKAMEQMAGSSEQAAEAMEVANQTRQMVHAMRTIGTHPSSSAGLKDDLLENLQAYQKRMGVQMQRFK,China,-N/A-,GQ225376,06/05/2009,H1N1,H1N1 | GQ225376 | A/Beijing/01/2009(H1N1),GQ225376|A/Beijing/01/2009(H1N1)
-N/A-,A/Singapore/ON1063/2009,MSLLTEVETYVLSIIPSGPLKAEIAQRLESVFAGKNTDLEALMEWLKTRPILSPLTKGILGFVFTLTVPSERGLQRRRFVQNALNGNGDPNNMDRAVKLYKKLKREITFHGAKEVSLSYSTGALASCMGLIYNRMGTVTTEAAFGLVCATCEQIADSQHRSHRQMATTTNPLIRHENRMVLASTTAKAMEQIAGSSEQAAEAMEVANQTRQMVHAMRTIGTHPSSSAGLKDDLLENLQAYQKRMGVQMQRFK,Singapore,-N/A-,CY123385,07/09/2012,H1N1,H1N1 | CY123385 | A/Singapore/ON1063/2009,CY123385|A/Singapore/ON1063/2009
-N/A-,A/Uganda/MUWRP-020/2008,MSLLTEVETYVLSIIPSGPLKAEIAQRLEDVFAGKNTDLEALMEWLKTRPILSPLTKGILGFVFTLTVPSERGLQRRRFVQNALNGNGDPNNMDKAVKLYRKLKREITFHGAKEIALSYSAGALASCMGLIYNRMGAVTTEVAFGLVCATCEQIADSQHRSHRQMVATTNPLIKHENRMVLASTTAKAMEQMAGSSEQAAEAMEIASKARQMVQAMRAIGTHPSSSTGLRDDLLENLQTYQKRMGVQMQRFK,Uganda,-N/A-,CY087452,12/14/2011,H3N2,H3N2 | CY087452 | A/Uganda/MUWRP-020/2008,CY087452|A/Uganda/MUWRP-020/2008
-N/A-,A/Netherlands/3/1992,MSLLTEVETYVLSIVPSGPLKAEIAQRLEDVFAGKNTDLEALMEWLKTRPILSPLTKGILGFVFTLTVPSERGLQRRRFVQNALNGNGDPNNMDRAVKLYRKLKREITFHGAKEIALSYSAGALASCMGLIYNRMGAVTTEVAFGLVCATCEQIADSQHRSHRQMVATTNPLIRHENRMVLASTTAKAMEQMAGSSEQAAEAMEIASQARQMVQAMRSIGTHPSSSAGLKDDLLENLQTYQKRMGVQMQRFK,Netherlands,92-93,CY112582,04/16/2012,H3N2,H3N2 | CY112582 | A/Netherlands/3/1992,CY112582|A/Netherlands/3/1992
-N/A-,A/Ontario/778873/2010,MSLLTEVETYVLSIIPSGPLKAEIAQRLESVFAGKNTDLEALMEWLKTRPILSPLTKGILGFVFTLTVPSERGLQRRRFVQNALNGNGDPNNMDRAVKLYKKLKREITFHGAKEVSLSYSTGALASCMGLIYNRMGTVTTEAAFGLVCATCEQIADSQHRSHRQMATTTNPLIRHENRMVMASTTAKAMEQMAGSSEQAAEAMEVANQTRQMVHAMRTIGTHPSSSAGLKDDLLENLQAYQKRMGVQMQRFK,Canada,-N/A-,CY081096,02/04/2011,H1N1,H1N1 | CY081096 | A/Ontario/778873/2010,CY081096|A/Ontario/778873/2010
-N/A-,A/Copenhagen/INS433/2009(H1N1),MSLLTEVETYVLSIIPSGPLKAEIAQRLESVFAGKNTDLEALMEWLKTRPILSPLTKGILGFVFTLTVPSERGLQRRRFVQNALNGNGDPNNMDRAVKLYKKLKREITFHGAKEVSLSYSTGALASCMGLIYNRMGTVTTEAAFGLVCATCEQIADSQHRSHRQMATTTNPLIRHENRMVLASTTAKVMEQMAGSSEQAAEAMEVANQTRQMVHAMRTIGTHPSSSAGLKDDLLENLQAYQKRMGVQMQRFK,Denmark,09-10,CY073742,09/10/2010,H1N1,H1N1 | CY073742 | A/Copenhagen/INS433/2009(H1N1),CY073742|A/Copenhagen/INS433/2009(H1N1)
-N/A-,A/Zhejiang/83/2009,MSLLTEVETYVLSIIPSGPLKAEIAQRLESVFAGKNTDLEALMEWLKTRPILSPLTKGILGFVFTLTVPSERGLQRRRFVQNALNGNGDPNNMDRAVKLYKKLKREITFHGAKEVSLSYSTGALASCMGLIYNRMGTVTTEAAFGLVCASCEQIADSQHRSHRQMATTTNPLIRHENRMVLASTTAKAMEQMAGSSEQAAEAMEVANQTRQMVHAMRTIGTHPSSSAGLKDDLLENLQAYQKRMGVQMQRFK,China,-N/A-,CY095938,04/17/2012,H1N1,H1N1 | CY095938 | A/Zhejiang/83/2009,CY095938|A/Zhejiang/83/2009
-N/A-,A/England/209/2010,MSLLTEVETYVLSIIPSGPLKAEIAQRLESVFAGKNTDLEALMEWLKTRPILSPLTKGILGFVFTLTVPSERGLQRRRFIQNALNGNGDPNNMDRAVKLYKKLKREITFHGAKEVSLSYSTGALASCMGLIYNRMGTVTTEAAFGLVCATCEQIADSQHRSHRQMATTTNPLIRHENRMVLASTTAKAMEQMAGSSEQASEAMEVANQTRQMVHAMRTIGTHPSSSAGLKDDLLENLQAYQKRMGVQMQRFK,United Kingdom,10-11,JX625705,12/03/2012,H1N1,H1N1 | JX625705 | A/England/209/2010,JX625705|A/England/209/2010
-N/A-,A/Netherlands/002K1/1949,MSLLTEVETYVLSIVPSGPLKAEIAQRLENVFAGKNTDLEALMEWLKTRPILSPLTKGILGFVFTLTVPSERGLQRRRFVQNALNGNGDPNNMDRAVKLYRKLKREITFHGAKEIALSYSAGALASCMGLIYNRMGAVTTEVAFGLVCATCEQIADSQHRSHRQMVTTTNPLIRHENRMVLASTTAKAMEQMAGSSEQAAEAMEVASQARQMVQAMRAIGTHPSSSAGLKDDLLENLQAYQKRMGVQMQRFK,Netherlands,-N/A-,CY077766,12/22/2010,H1N1,H1N1 | CY077766 | A/Netherlands/002K1/1949,CY077766|A/Netherlands/002K1/1949
California,A/California/VRDL353/2009,MSLLTEVETYVLSIVPSGPLKAEIAQRLEDVFAGKNTDLEALMEWLKTRPILSPLTKGILGFVFTLTVPSERGLQRRRFVQNALNGNGDPNNMDKAVKLYKKLKREITFHGAKEIALSYSAGALASCMGLIYNRMGTVTTEVAFGLVCATCEQIADSQHRSHRQMVATTNPLIKHENRMVLASTTAKAMEQMAGSSEQAAEAMEIASQARQMVQAMRAIGTHPSSSTGLRDDLLENLQTYQKRMGVQMQRFK,USA,08-09,CY092771,07/11/2011,mixed,mixed | CY092771 | A/California/VRDL353/2009,CY092771|A/California/VRDL353/2009
-N/A-,A/Guangzhou/GIRD07/2009(H1N1),MSLLTEVETYVLSIIPSGPLKAEIAQRLESVFAGKNTDLEALMEWLKTRPILSPLTKGILGFVFTLTVPSERGLQRRRFVQNALNGNGDPNNMDRAVKLYKKLKREITFHGAKEVSLSYSTGALASCMGLIYNRMGTVTTEAAFGLVCATCEQIADSQHRSHRQMATTTNPLIRHENRMVLASTTAKAIEQMAGSSEQAAEAMEVANQTKQMVHAMRTIGTHPSSSAGLKDDLLENLQAYQKRMGVQMQRFK,China,-N/A-,HM014333,03/29/2010,H1N1,H1N1 | HM014333 | A/Guangzhou/GIRD07/2009(H1N1),HM014333|A/Guangzhou/GIRD07/2009(H1N1)
-N/A-,A/Singapore/EN107/2010,MSLLTEVETYVLSIIPSGPLKAEIAQRLESVFAGKNTDLEALMEWLKTRSILSPLTKGILGFVFTLTVPSERGLQRRRFVQNALNGNGDPNNMDRAVKLYKKLKREITFHGAKEVSLSYSTGALASCMGLIYNRMGTVTTEAAFGLVCATCEQIADSQHRSHRQMATTTNPLIRHENRMVLASTTAKAMEQMAGSSEQAAEAMEVANQTRQMVHAMRTIGTHPSSSAGLRDDLLENLQAYQKRMGVQMQRFK,Singapore,-N/A-,JX309565,08/16/2012,H1N1,H1N1 | JX309565 | A/Singapore/EN107/2010,JX309565|A/Singapore/EN107/2010
Virginia,A/Virginia/19/2009,MSLLTEVETYVLSIMPSGPLKAEIAQRLESVFAGKNTDLEALMEWLKTRPILSPLTKGILGFVFTLTVPSERGLQRRRFVQNALNGNGDPNNMDRAVKLYKKLKREITFHGAKEVSLSYSTGALASCMGLIYNRMGTVTTEAAFGLVCATCEQIADSQHRSHRQMATTTNPLIRHENRMVLASTTAKAMEQMAGSSEQAAEAMEVANQTRQMVHAMRTIGTHPSSSAGLKDDLLENLQAYQKRMGVQMQRFK,USA,08-09,KC781629,04/09/2013,H1N1,H1N1 | KC781629 | A/Virginia/19/2009,KC781629|A/Virginia/19/2009
-N/A-,A/Canada-MB/RV0062-10/2009,MSLLTEVETYVLSIIPSGPLKAEIAQRLESVFAGKNTDLEALMEWLKTRPILSPLTKGILGFVFTLTVPSERGLQRRRFVQNALNGNGDPNNMDRAVKLYKKLKREITFHGAKEVSLSYSTGALASCMGLIYNRMGTVTTEAAFGLVCATCEQIADSQHRSHRQMATTTNPLIRHENRMVLASTTAKAMEQMAGSSEQAAEAMEVANQTRQMVHAMRTIGTHPSSSAGLKDDLLENLQAXQKRMGVQMQRFK,Canada,09-10,HQ239622,11/19/2012,H1N1,H1N1 | HQ239622 | A/Canada-MB/RV0062-10/2009,HQ239622|A/Canada-MB/RV0062-10/2009
-N/A-,A/Singapore/ON2168/2009,MSLLTEVETYVLSIIPSGPLKAEIAQRLESVFAGKNTDLEALMEWLKTRPILSPLTKGILGFVFTLTVPSERGLQRRRFVQNALNGNGDPNNMDRAVKLYKKLKREITFHGAKEVSLSYSTGALASCMGLIYNRMGTVTTEAAFGLVCATCEQIADSQHRSHRQMATTTNPLIRHENRMVLASTTAKAMEQMAGSSEQTAEAMEVANQTRQMVHAMRTIGTHPSSSAGLKDDLLENLQAYQKRMGVQMQRFK,Singapore,-N/A-,CY123792,07/09/2012,H1N1,H1N1 | CY123792 | A/Singapore/ON2168/2009,CY123792|A/Singapore/ON2168/2009
Ohio,A/Ohio/UR07-0016/2008(H3N2),MSLLTEVETYVLSIVPSGPLKAEIAQRLEDVFAGKNTDLEALMEWLKTRPILSPLTKGILGFVFTLTVPSERGLQRRRFVQNALNGNGDPNNMDKAVKLYRKLKREITFHGAKEIALSYSAGALASCMGLIYNRMGAVTTEVAFGLVCATCEQIADSQHRSHRQMVATTNPLIRHENRMVLASTTAKAMEQMAGSSEQAAEAMKIASQARQMVQAMRAIGTHPSSSTGLRDDLLENLQTYQKRMGVQMQRFK,USA,07-08,CY037496,03/04/2009,H3N2,H3N2 | CY037496 | A/Ohio/UR07-0016/2008(H3N2),CY037496|A/Ohio/UR07-0016/2008(H3N2)
-N/A-,A/Zhejiang/X1/2009,MSLLTEVETYVLSIIPSGPLKAEIAQRLESVFAGKNTDLEALMGWLKTRPILSPLTKGILGFVFTLTVPSERGLQRRRFVQNALNGNGDPNNMDRAVKLYKKLKREITLHGAKEVSLSYSTGALASCMGLIYNRMGTVTTEAAFGLVCATCEQIADSQHRSHRQMATTTNPLIRHENRMVLASTTAKAMEQMAGSSEQAAEAMEVANQTRQMVHAMRTIGTHPSSSAGLKDDLLENLQAYQKRMGVQMQRFK,China,-N/A-,CY095724,04/17/2012,H1N1,H1N1 | CY095724 | A/Zhejiang/X1/2009,CY095724|A/Zhejiang/X1/2009
-N/A-,A/Kyrgyzstan/WRAIR1256P/2008,MSLLTEVETYVLSIVPSGPLKAEIAQRLEDVFAGKNTDLEALMEWLKTRPILSPLTKGILGFVFTLTVPSERGLQRRRFVQNALNGNGDPNNMDKAVKLYRKLKREITFHGAKEIALSYSAGALASCMGLIYNRMGAVTTEVAFGLVCATCEQIADSQHRSHRQMVATTNPLIKHENRMVLASTTAKAMEQMAGSSEQAAEAMEIASQARQMVQAMRAIGTHPSSSTGLRDDLLGNLQTYQKRMGVQMQRFK,Kyrgyzstan,-N/A-,CY093322,07/29/2011,H3N2,H3N2 | CY093322 | A/Kyrgyzstan/WRAIR1256P/2008,CY093322|A/Kyrgyzstan/WRAIR1256P/2008
California,A/California/38/2009,MSLLTEVETYVLSIIPSGPLKAEIAQRLESVFAGKNTDLEALMEWLKTRPILSPLTKGILGFVFTLTVSSERGLQRRRFVQNALNGNGDPNNMDRAVKLYKKLKREITFHGAKEVSLSYSTGALASCMGLIYNRMGTVTTEAAFGLVCATCEQIADSQHRSHRQMATTTNPLIRHENRMVLASTTAKAMEQMAGSSEQAAEAMEVANQTRQMVHAMRTIGTHPSSSAGLKDDLLENLQAYQKRMGVQMQRFK,USA,08-09,KC782303,04/08/2013,H1N1,H1N1 | KC782303 | A/California/38/2009,KC782303|A/California/38/2009
Texas,A/Texas/45122036/2009(H1N1),MSLLTEVETYVLSIIPSGPLKAEIAQRLESVFAGKNTDLEALMEWLKTRPILSPLTKGILGFVFTLTVPSERGLQRRRFVQNALNGNGDPNNMDRAVKLYKKLKREITFHGAKEVSLSYSTGALASCMGLIYNRMGTVTTEAAFGLVCATCEQIADSQHRSHRQMATTTNPLIRHENRMVLASTTAKAMEQMAGSSEQAAEAMEVANQTKQMVHAMRTIGTHPSSSAGLKDDLLENLQAYQKRMGVQMQRFK,USA,08-09,CY052488,02/09/2010,H1N1,H1N1 | CY052488 | A/Texas/45122036/2009(H1N1),CY052488|A/Texas/45122036/2009(H1N1)
-N/A-,A/Dunedin/8/2002(H3N2),MSLLTEVETYVLSIIPSGPLKAEIAQRLEDVFAGKNTDLEALMEWLKTRPILSPLTKGILGFVFTLTVPSERGLQRRRFVQNALNGNGDPNNMDKAVKLYRKLKREITFHGAKEIALSYSAGALASCMGLIYNRMGAVTTEVAFGLVCATCEQIADSQHRSHRQMVATTNPLIKHENRMVLASTTAKAMEQMAGSSEQAAEAMEIASQARQMVQAMRTVGTHPSSSTGLRDDLLENLQTYQKRMGVQMQRFK,New Zealand,-N/A-,CY012009,03/30/2012,H3N2,H3N2 | CY012009 | A/Dunedin/8/2002(H3N2),CY012009|A/Dunedin/8/2002(H3N2)
-N/A-,A/Scotland/Aberdeen_12/2009,MSLLTEVETYVLSIIPSGPLKAEIAQRLESVFAGKNTDLEALMEWLKTRPILSPLTKGILGFVFTLTVPSERGLQRRRFVQNALNGNGDPNNMDRAVKLYKKLKREITFHGAKEVSLSYSTGALASCMGLIYNRMGAVTTEAAFGLVCATCEQIADSQHRSHRQMATTTNPLIRHENRMVLASTTAKAMEQMAGSSEQAAEAMEVANQTRQMVHAMRTIGTHPSSSAGLKDDLLENLQAYQKRMGVQMQRFK,United Kingdom,09-10,CY107235,06/01/2012,H1N1,H1N1 | CY107235 | A/Scotland/Aberdeen_12/2009,CY107235|A/Scotland/Aberdeen_12/2009
-N/A-,A/Kowloon/INS629/2011,MSLLTEVETYVLSIIPSGPLKAEIAQRLESVFAGKNTDLEALMEWLKTRPILSPLTKGILGFVFTLTVPSERGLQRRRFIQNALNGNGDPNNMDRAVKLYKKLKREITFHGAKEVSLSYSTGALASCMGLIYNRMGTVTTEAALGLVCATCEQIADSQHRSHRQMATTTNPLIRHENRMVLASTTAKAMEQMAGSSEQAAEAMEVANQTRQMVHAMRTIGTHPSSSAGLKDNLLENLQAYQKRMGVQMQRFK,China,-N/A-,CY129991,01/14/2013,H1N1,H1N1 | CY129991 | A/Kowloon/INS629/2011,CY129991|A/Kowloon/INS629/2011
-N/A-,A/Brazil/74200/2000,MSLLTEVETYVLSIIPSGPLKAEIAQRLEDVFAGKNTDLEALMEWLKTRPILSPLTKGILGFVFTLTVPSERGLQRRRFVQNALNGNGDPNNMDRAVKLYRKLKREITFHGAKEIALSYSAGALASCMGLIYNRMGAVTTESAFGLICATCEQIADSQHKSHRQMVTATNPLIRHENRMVLASTTAKAMEQMAGSSEQAAEAMEVASQARQMVQAMRAIGTHPSSSTGLKNDLLENLQAYQKRMGVQMQRFK,Brazil,-N/A-,CY125117,07/27/2012,H1N1,H1N1 | CY125117 | A/Brazil/74200/2000,CY125117|A/Brazil/74200/2000
-N/A-,A/Sydney/DD3-32/2010,MSLLTEVETYVLSIIPSGPLKAEIAQRLESVFAGKNTDLEALMEWLKTRPILSPLTKGILGFVFTLTVPSERGLQRRRFIQNALNGNGDPNNMDRAVKLYKKLKREITFHGAKEVSLSYSTGALASCMGLIYNRMGTVTTEAAFGLVCATCEQIADSQHRSHRQMATTTNPLIRHENRMVLASTTAKAMEQMAGSSEQAAEAMEVANQTRQMVHAMRTIGTHPSSSAGLKDDLLKNLQAYQKRMGVQMQRFK,Australia,-N/A-,CY092394,07/11/2011,H1N1,H1N1 | CY092394 | A/Sydney/DD3-32/2010,CY092394|A/Sydney/DD3-32/2010
-N/A-,A/Netherlands/18/1994,MSLLTEVETYVLSIVPSGPLKAEIAQRLEDVFAGKNTDLEALMEWLKTRPILSPLTKGILGFVFTLTVPSERGLQRRRFVQNALNGNGDPNNMDRAVKLYRKLKREITFHGAKEIALSYSAGALASCMGLIYNRMGAVTTEVAFGLVCATCEQIADSQHRSHRQMVATTNPLIRHENRMVLASTTAKAMEQMAGSSEQAAEAMEIASQARQMVQAMRAIGTHPSSSAGLKDDLLENLQAYQKRMGVQMQRFK,Netherlands,-N/A-,CY077808,12/22/2010,H3N2,H3N2 | CY077808 | A/Netherlands/18/1994,CY077808|A/Netherlands/18/1994
-N/A-,A/Mum/NIV398/2009(H1N1),MSLLTEVETYVLSIIPSGPLKAEIAQRLESVFAGKNTDLEALMEWLKTRPILSPLTKGILGCVFTLTVPSERGLQRRRFVQNALNGNGDPNNMDRAVKLYKKLKREITFHGAKEVSLSYSTGALASCMGLIYNRMGTVTTEAAFGLVCATCEQIADSQHRSHRQMATTTNPLIRHENRMVLASTTAKAMEQMAGSSEQAAEAMEVANQTRQMVHAMRTIGTHPSSSAGLKDDLLENLQAYQKRMGVQMQRFK,India,-N/A-,CY088683,09/16/2011,H1N1,H1N1 | CY088683 | A/Mum/NIV398/2009(H1N1),CY088683|A/Mum/NIV398/2009(H1N1)
California,A/California/VRDL138/2009(H3N2),MSLLTEVETYVLSIVPSGPLKAEIAQRLEDVFAGKSTDLEALMEWLKTRPILSPLTKGILGFVFTLTVPSERGLQRRRFVQNALNGNGDPNNMDKAVKLYRKLKREITFHGAKEIALSYSAGALASCMGLIYNRMGAVTTEVAFGLVCATCEQIADSQHRSHRQMVATTNPLIKHENRMVLASTTAKAMEQMAGSSEQAAEAMEIASQARQMVQAMRAIGTHPSSSTGLRDDLLENLQTYQKRMGVQMQRFK,USA,08-09,CY064824,07/07/2010,H3N2,H3N2 | CY064824 | A/California/VRDL138/2009(H3N2),CY064824|A/California/VRDL138/2009(H3N2)
-N/A-,A/Canada/GFA0402/2009(H1N1),MSLLTEVETYVLSIIPSGPLKTEIAQRLESVFAGKNTDLEALMEWLKTRPILSPLTKGILGFVFTLTVPSERGLQRRRFVQNALNGNGDPNNMDRAVKLYKKLKREITFHGAKEVSLSYSTGALASCMGLIYNRMGTVTTEAAFGLVCATCEQIADSQHRSHRQMATTTNPLIRHENRMVLASTTAKAMEQMAGSSEQAAEAMEVANQTRQMVHAMRTIGTHPSSSAGLKDDLLENLQAYQKRMGVQMQRFK,Canada,08-09,CY065773,07/07/2010,H1N1,H1N1 | CY065773 | A/Canada/GFA0402/2009(H1N1),CY065773|A/Canada/GFA0402/2009(H1N1)
-N/A-,A/Malaysia/30025/2004,MSLLTEVETYVLSIVPSGPLKAEIAQRLEDVFAGKNTDLEALMEWLKTRPILSPLTKGILGFVFTLTVPSERGLQRRRFVQNALNGNGDPNNMDKAVKLYRKLKREITFHGAKEIALSYSAGALASCMGLIYNRMGAVTTESAFGLICATCEQIADSQHKSHRQMVTTTNPLIRHENRMVLASTTAKAMEQMAGSSEQAAEAMEVASQARQMVQAMRAIGTHPSSSTGLKNDLLDNLQAYQKRMGVQMQRFK,Malaysia,-N/A-,CY119155,05/30/2012,H1N1,H1N1 | CY119155 | A/Malaysia/30025/2004,CY119155|A/Malaysia/30025/2004
-N/A-,A/Singapore/GP4660/2010(H1N1),MSLLTEVETYVLSIIPSGPLKAEIAQRLESVFAGKNTDLEALMEWLKTRPTLSPLTKGILGFVFTLTVPSERGLQRRRFVQNALNGNGDPNNMDRAVKLYKKLKREITFHGAKEVSLSYSTGALASCMGLIYNRMGTVTTEAAFGLVCATCEQIADSQHRSHRQMATTTNPLIRHENRMVLASTTAKAMEQMAGSSEQAAEAMEVANQTRQMVHAMRTIGTHPSSSAGLKDDLLENLQAYQKRMGVQMQRFK,Singapore,-N/A-,JX309949,08/16/2012,H1N1,H1N1 | JX309949 | A/Singapore/GP4660/2010(H1N1),JX309949|A/Singapore/GP4660/2010(H1N1)
Wisconsin,A/Wisconsin/629-D00050/2009(H1N1),MSLLTEVETYVLSIIPSGPLKAEIAQRLESVFAGKNTDLEALMEWLKTRPILSPLTKGILGFVFTLTVPSERGLQRRRFVQNALNGNGDPNNMDRAVKLYKKLKREITFHGAKEVSLSYSTGALASCMGLIYNRMGTVATEAAFGLVCATCEQIADSQHRSHRQMATTTNPLIRHENRMVLASTTAKAMEQMAGSSEQAAEAMEVANQTRQMVHAMRTIGTHPSSSAGLKDDLLENLQAYQKRMGVQMQRFK,USA,09-10,CY057951,03/29/2010,H1N1,H1N1 | CY057951 | A/Wisconsin/629-D00050/2009(H1N1),CY057951|A/Wisconsin/629-D00050/2009(H1N1)
Tennessee,A/Memphis/5/2005(H3N2),MSLLTEVETYVLSIVPSGPLKAEIAQRLEDVFAGKNTDLEALMEWLKTRPILSPLTKGILGFVFTLTVPSERGLQRRRFVQNALNGNGDPNNMDKAVKLYRKLKREITFHGAKEIALSYSAGALASCMGLIYNRMGAVTTEVAFGLVCATCEQIADSQHRSHRQMVATTNPLIKHENRMVLASNTAKAMEQMAGSSEQAAEAMEIASQARQMVQAMRTVGTHPSSSTGLRDDLLENLQTYQKRMGVQMQRFK,USA,-N/A-,CY068893,10/28/2010,H3N2,H3N2 | CY068893 | A/Memphis/5/2005(H3N2),CY068893|A/Memphis/5/2005(H3N2)
-N/A-,A/Auckland/2/2009(H1N1),MSLLTEVETYVLSIIPSGPLKAEIAQRLESVFAGKNTDLEALMEWLKTRPILSPLTKGILGFVFTLTVPSERGLQRRRFVQNALNGNGDPNNMDRAVKLYKKLKREITFHGAKEVSLSYSTGALASCMGLIYNRMGTVTTEAAFGLVCATCEQIADSQHRSHRQMATTTNPLIRHENRMVLASTTAKAMEQMAGSSEQAAEAMEVANQTRQMVHAMRTIGTHPSSSAGLKDDLLENLQAYQKRMGVQMQRFK,New Zealand,-N/A-,FJ973554,05/06/2009,H1N1,H1N1 | FJ973554 | A/Auckland/2/2009(H1N1),FJ973554|A/Auckland/2/2009(H1N1)
Minnesota,A/Minnesota/05/2009,MSLLTEVETYVLSIVPSGPLKAEIAQRLEDVFAGKNTDLEALMEWLKTRPILSPLTKGILGFVFTLTVPSERGLQRRRFVQNALNGNGDPNNMDKAVKLYRKLKREITFHGAKEIALSYSAGALASCMGLIYNRMGAVTTEVAFGLVCATCEQIADSQHRSHRQMVATTNPLIKHENRMVLASTTAKAMEQMAGSSEQAAEAMEIANQARQMVQAMRAIGTHPSSSTGLRDDLLENLQTYQKRMGVQMQRFK,USA,08-09,KC535321,03/18/2013,H3N2,H3N2 | KC535321 | A/Minnesota/05/2009,KC535321|A/Minnesota/05/2009
-N/A-,A/Sydney/DD3-12/2010(H1N1),MSLLTEVETYVLSIIPSGPLKAEIAQRLESVFAGKNTDLEALMEWLKTRPILSPLTKGILGFVFTLTVPSERGLQRRRFVQNALNGNGDPNNMDRAVKLYKKLKREITFHGAKEVSLSYSTGALASCMGLIYNRMGTVTTEAAFGLVCATCEQIADSQHRSHRQMATTTNPLIRHENRMVLASTTAKAMEQMAGSSEQVAEAMEVANQTRQMVHAMRTIGTHPSSSAGLKDDLLENLQAYQKRMGVQMQRFK,Australia,-N/A-,CY092511,07/11/2011,H1N1,H1N1 | CY092511 | A/Sydney/DD3-12/2010(H1N1),CY092511|A/Sydney/DD3-12/2010(H1N1)
-N/A-,A/India/Blore/2010,MSLLTEVETYVLSIIPSGPLKAEIAQRLESVFAGKNTDLEALMEWLKTRPILSPLTKGILGFVFTLTVPSERGLQRRRFVQNVLNGNGDPNNMDRAVKLYKKLKREITFHGAKEVSLSYSTGALASCMGLIYNRMGTVTTEAAFGLVCATCEQIADSQHRSHRQMATTTNPLIRHENRMVLASTTAKAMEQMAGSSEQAAEAMEVANQTRQMVHAMRTIGTHPSSSAGLKDDLLENLQAYQKRMGVQMQRFK,India,-N/A-,JF764082,03/18/2013,H1N1,H1N1 | JF764082 | A/India/Blore/2010,JF764082|A/India/Blore/2010
-N/A-,A/Mexico/InDRE2160/2005,MSLLTEVETYVLSIVPSGPLKAEIAQRLEDVFAGKNTDLEALMEWLKTRPILSPLTKGILGFVFTLTVPSERGLQLRRFVQNALNGNGDPNNMDKAVKLYRKLKREITFHGAKEIALSYSAGALASCMGLIYNRMGAVTTEVAFGLVCATCEQIADSQHRSHRQMVATTNPLIRHENRMVLASTTAKAMEQMAGSSEQAAEAMEIASQARQMVQAMRAIGTHPSSSTGLRDDLLENLQTYQKRMGVQMQRFK,Mexico,-N/A-,CY100565,12/07/2012,H3N2,H3N2 | CY100565 | A/Mexico/InDRE2160/2005,CY100565|A/Mexico/InDRE2160/2005
-N/A-,A/HaNoi/Q220/2007,MSLLTEVETYVLSIVPSGPLKAEIAQRLEDVFAGKSTDLEALMEWLKTRPILSPLTKGILGFVFTLTVPSERGLQRRRFVQNALNGNGDPNNMDKAVKLYRKLKREITFHGAKEIALSYSAGALASCMGLIYNRMGAVTTEVAFGLVCATCEQIADSQHRSHRQMVATTNPLIKHENRMVLASTTAKAMEQMAGSSEQAAEAMEIASQARRMVQAMRAVGTHPSSSTGLRDDLLENLQTYQKRMGVQMQRFK,Viet Nam,-N/A-,CY105687,04/06/2012,H3N2,H3N2 | CY105687 | A/HaNoi/Q220/2007,CY105687|A/HaNoi/Q220/2007
-N/A-,A/Liaoning/14/2009(H1N1),MSLLTEVETYVLSIIPSGPLKAEIAQRLESVFAGKNTDLEALMEWLKTRPILSPLTKGILGFVFTLTVPSERGLQRRRFVQNALNGNGDPNNMDRAVKLYKKLKREITFHGAKEVSLSYSTGALASCMGLIYNRMGTVTTEAAFGLVCATCEQIADSQHRSHRQMATTTNPLIRHENRMVLASTTAKAMEQMAGSSEQAAEAMEVANQTTQMVHAMRTIGTHPSSSAGLKDDLLENLQAYQKRMGVQMQRFK,China,-N/A-,KC683498,03/28/2013,H1N1,H1N1 | KC683498 | A/Liaoning/14/2009(H1N1),KC683498|A/Liaoning/14/2009(H1N1)
-N/A-,A/Guangdong/0752/2009(H1N1),MSLLTEVETYVLSIIPSGPLKAEIAQRLESVFAGKNTDLEALMEWLKTRPILSPLTKGILGFVFTLTVPSERGLQRRRFVQNALNGNGDPNNMDRAVKLYKKLKREITFHGAKEVSLSYSTGALASCMGLIYNRMGTVTTEAAFGLVCATCEQIADSQHRSHRQMATTTNPLIRHENRMVLASTTAKAMEQMAGSSEQAAEAMEVANQTRQMVHAMRTIGTHPSSSAGLKDDLLEILQAYQKRMGVQVQRFK,China,-N/A-,HM780479,07/30/2010,H1N1,H1N1 | HM780479 | A/Guangdong/0752/2009(H1N1),HM780479|A/Guangdong/0752/2009(H1N1)
-N/A-,A/Malaysia/854/2009(H1N1),MSLLTEVETYVLSIIPSGPLKAEIAQRLESVFAGKNTDLEALMEWLKTRPILSPLTKGILGFVFTLTVPSERGLQRRRFVQNALNGNGDPNNMDRAVKLYKKLKREITFHGAKEVSLSFSTGALASCMGLIYNRMGTVTTEAAFGLVCATCEQIADSQHRSHRQMATTTNPLIRHENRMVLASTTAKAMEQMAGSSEQAAEAMEVANQTRQMVHAMRTIGTHPSSSAGLKDDLLENLQAYQKRMGVQMQRFK,Malaysia,-N/A-,CY048936,09/16/2011,H1N1,H1N1 | CY048936 | A/Malaysia/854/2009(H1N1),CY048936|A/Malaysia/854/2009(H1N1)
-N/A-,A/Penza/55/2008,MSLLTEVEKYVLSIVPSGPLKAEIAQRLEDVFAGKNTDLEALMEWLKTRPILSPLTKGILGFVFTLTVPSERGLQRRRFVQNALNGNGDPNNMDKAVKLYRKLKREITFHGAKEIALSYSAGALASCMGLIYNRMGAVTTEVAFGLVCATCEQIADSQHRSHRQMVATTNPLIRHENRMVLASTTAKAMEQMAGSSEQAAEAMEIASQARQMVQAMRAIGTHPSSSTGLRDDLLENLQTYQKRMGVQMQRFK,Russia,07-08,JQ988029,05/31/2012,H3N2,H3N2 | JQ988029 | A/Penza/55/2008,JQ988029|A/Penza/55/2008
-N/A-,A/Vietnam/UT31394II/2008(H5N1),MSLLTEVETYVLSIIPSGPLKAEIAQKLEDVFAGKSTDLEALMEWLKTRPILSPLTKGILGFVFTLTVPSERGLQRRRFVQNALNGNGDPNNMDRAVKLYKKLKREITFHGAKEVALSYSTGALASCMGLIYNRMGTVTTEVAFGLVCATCEQIADSQHRSHRQMATITNPLIRHENRMVLASTTAKAMEQMAGSSEQAAEAMEVANQARQMVQAMRTIGTHPNSSAGLRDNLLENLQAYQKRMGVQMQRFK,Viet Nam,-N/A-,HM114596,09/24/2010,H5N1,H5N1 | HM114596 | A/Vietnam/UT31394II/2008(H5N1),HM114596|A/Vietnam/UT31394II/2008(H5N1)
-N/A-,A/Malaysia/23721/2002,MSLLTEVETYVLSIVPSGPLKAEIAQRLEDVFAGKNTDLEALMEWLKTRPILSPLTKGILGFVFTLTVPSERGLQRRRFVQNALNGNGDPNNMDKAVRLYRKLKREITFHGAKEIALSYSAGALASCMGLIYNRMGAVTTEVAFGLVCATCEQIADSQHRSHRQMVATTNPLIRHENRMVLASTTAKAMEQMAGSSEQAAEAMEIASQARQMVQAMRAIGTHPSSSTGLRDDLLENLQTYQKRMGVQMQRFK,Malaysia,-N/A-,CY117901,05/31/2012,mixed,mixed | CY117901 | A/Malaysia/23721/2002,CY117901|A/Malaysia/23721/2002
-N/A-,A/Malaysia/35164/2006,MSLLTEVETYVLSIIPSGPLKAEIAQRLEDVFAGKNTDLEALMEWLKTRPILSPLTKGILGLVFTLTVPSERGLQRRRFVQNALNGNGDPNNMDRAVKLYRKLKREITFHGAKEIALSYSAGALASCMGLIYNRMGAVTTESAFGLICATCEQIADSQHKSHRQMVTTTNPLIRHENRMVLASTTAKAMEQMAGSSEQAAEAMEVASQARQMVQAMRAIGTHPSSSTGLKKDLLDNLQAYQKRMGVQMQRFK,Malaysia,-N/A-,CY119203,05/31/2012,H1N1,H1N1 | CY119203 | A/Malaysia/35164/2006,CY119203|A/Malaysia/35164/2006
-N/A-,A/Malaysia/23637/2002,MSLLTEVETYVLSIVPSGPLKAEIAQRLEDVFAGKNTDLEXLMEWLKTRPILSPLTKGILGFVFTLTVPSERGLQRRRFVQNALNGNGDPNNMDKAVKLYRKLKREITFHGAKEIALSYSAGALASCMGLIYNRMGAVTTEVAFGLVCATCEQIADSQHRSHRQMVATTNPLIKHENRMVLASTTAKAMEQMAGSSEQAAEAMEIASQARQMVQAMRTVGTHPSSSTGLRDDLLENLQTYQKRMGVQMQRFK,Malaysia,-N/A-,CY117887,05/31/2012,mixed,mixed | CY117887 | A/Malaysia/23637/2002,CY117887|A/Malaysia/23637/2002
-N/A-,A/Iraq/WRAIR1157P/2009(H3N2),MSLLTEVETYVLSIVPSGPLKAEIAQRLEDVFAGKKPDLEALMEWLKTRPILSPLTKGILGFVFTLTVPSERGLQRRRFVQNALNGNGDPNNMDKAVKLYRKLKREITFHGAKEIALSYSAGALASCMGLIYNRMGAVTTEVAFGLVCATCEQIADSQHRSHRQMVATTNPLIKHENRMVLASTTAKAMEQMAGSSEQAAEAMEIASQARQMVQAMRAIGTHPSSSTGLRDDLLENLQTYQKRMGVQMQRFK,Iraq,-N/A-,CY069480,08/20/2010,H3N2,H3N2 | CY069480 | A/Iraq/WRAIR1157P/2009(H3N2),CY069480|A/Iraq/WRAIR1157P/2009(H3N2)
