Name,Sequence Accession,Complete Genome,Segment,Segment Length,Subtype,Date,Host Species,Country,State/Province,Flu Season,Strain Name,Creation Date,
M1,CY021710,Yes,7,1000,H1N1,1945,IRD:Human,USA,Texas,-N/A-,A/AA/Huston/1945(H1N1),07/13/2007,
M1,CY071829*,No,7,982,H1N1,12/01/2009,IRD:Human,Ethiopia,-N/A-,-N/A-,A/Addis Ababa/WR2848T/2009(H1N1),09/02/2010,
M1,M63515,Yes,7,1027,H3N2,1968,IRD:Human,Japan,-N/A-,-N/A-,A/Aichi/2/1968,04/25/2012,
M1,CY026036,Yes,7,984,H3N2,03/01/2007,IRD:Human,USA,Alabama,06-07,A/Alabama/UR06-0482/2007(H3N2),10/16/2007,
M1,KC780963,No,7,982,H1N1,10/01/2009,IRD:Human,USA,Alaska,09-10,A/Alaska/40/2009,04/08/2013,
M1,CY022939,Yes,7,988,H3N2,1970,IRD:Human,USA,New York,-N/A-,A/Albany/1/1970(H3N2),09/12/2007,
M1,HM172159*,Yes,7,982,H5N1,2005,IRD:Human,China,-N/A-,-N/A-,A/Anhui/1/2005(H5N1),08/20/2010,
M1,CY071597*,No,7,982,H1N1,10/19/2009,IRD:Human,Turkey,-N/A-,-N/A-,A/Ankara/WR1429T/2009(H1N1),09/02/2010,
M1,CY073075,No,7,982,H1N1,10/20/2009,IRD:Human,Turkey,-N/A-,-N/A-,A/Ankara/WRAIR1426N/2009(H1N1),09/02/2010,
M1,CY125903,Yes,7,1002,H2N2,1960,IRD:Human,USA,Michigan,-N/A-,A/Ann Arbor/6/1960(H2N2),10/31/2012,
M1,GQ894859,No,7,982,H1N1,2009,IRD:Human,USA,Arizona,-N/A-,A/Arizona/06/2009(H1N1),09/16/2009,
M1,CY069440,Yes,7,986,H3N2,02/2009,IRD:Human,USA,Arizona,08-09,A/Arizona/WRAIR1142P/2009(H3N2),08/20/2010,
M1,GQ280273,No,7,982,H1N1,06/13/2009,IRD:Human,Greece,-N/A-,08-09,A/Athens/948/2009(H1N1),06/22/2009,
M1,CY071176,Yes,7,987,H1N1,01/24/2010,IRD:Human,Greece,-N/A-,09-10,A/Athens/INS397/2010(H1N1),09/02/2010,
M1,CY129452,Yes,7,1003,H1N1,01/28/2011,IRD:Human,Greece,-N/A-,10-11,A/Athens/INS559/2011,01/14/2013,
M1,FJ973554,No,7,982,H1N1,04/24/2009,IRD:Human,New Zealand,-N/A-,-N/A-,A/Auckland/2/2009(H1N1),05/06/2009,
M1,CY025051,Yes,7,997,H3N2,07/29/2002,IRD:Human,New Zealand,-N/A-,-N/A-,A/Auckland/610/2002(H3N2),01/17/2008,
M1,CY031389,No,7,1007,H1N1,06/18/2007,IRD:Human,New Zealand,-N/A-,-N/A-,A/Auckland/8/2007(H1N1),07/15/2008,
M1,CY091414,Yes,7,1000,H3N2,04/15/2005,IRD:Human,Australia,-N/A-,-N/A-,A/Australia/NHRC0002/2005(H3N2),05/30/2011,
M1,CY114430,Yes,7,1002,H3N2,1979,IRD:Human,Thailand,-N/A-,-N/A-,A/Bangkok/1/1979,04/12/2012,
M1,K01140,Yes,7,1027,H3N2,1979,IRD:Human,Thailand,-N/A-,-N/A-,A/Bangkok/1/1979(H3N2),06/11/2012,
M1,CY071336,Yes,7,987,H1N1,02/25/2010,IRD:Human,Thailand,-N/A-,-N/A-,A/Bangkok/INS425/2010(H1N1),09/02/2010,
M1,FJ573471,No,7,954,H5N1,02/2008,IRD:Human,Bangladesh,-N/A-,-N/A-,A/Bangladesh/207095/2008(H5N1),09/16/2009,
M1,CY009621,No,7,997,H1N1,1982,IRD:Human,USA,Texas,-N/A-,A/Baylor/11735/82(H1N1),07/27/2006,
M1,GQ225376,Yes,7,982,H1N1,05/15/2009,IRD:Human,China,-N/A-,-N/A-,A/Beijing/01/2009(H1N1),06/05/2009,
M1,GQ225384,Yes,7,982,H1N1,05/20/2009,IRD:Human,China,-N/A-,-N/A-,A/Beijing/3/2009(H1N1),06/08/2009,
M1,GQ223409,Yes,7,982,H1N1,2009,IRD:Human,China,-N/A-,-N/A-,A/Beijing/501/2009(H1N1),02/05/2010,
M1,AY210065,Yes,7,982,H2N2,1968,IRD:Human,USA,California,-N/A-,A/Berkeley/1/68(H2N2),07/27/2006,
M1,EU249168,No,7,982,H1N1,2006,IRD:Human,Germany,-N/A-,-N/A-,A/Berlin/13/2006(H1N1),09/03/2008,
M1,EU249226,No,7,982,H3N2,2006,IRD:Human,Germany,-N/A-,-N/A-,A/Berlin/28/2006(H3N2),09/03/2008,
M1,CY032238,Yes,7,989,H2N2,1964,IRD:Human,Germany,-N/A-,-N/A-,A/Berlin/3/1964(H2N2),06/18/2008,
M1,EU249208,No,7,982,H3N2,2004,IRD:Human,Germany,-N/A-,-N/A-,A/Berlin/43/2004(H3N2),09/03/2008,
M1,CY096812,Yes,7,1000,H1N1,1935,IRD:Human,-N/A-,-N/A-,-N/A-,A/BH/1935(H1N1),09/16/2011,
M1,CY112242,Yes,7,999,H3N2,1968,IRD:Human,Netherlands,-N/A-,-N/A-,A/Bilthoven/16398/1968,04/25/2012,
M1,CY112330,Yes,7,1001,H3N2,1974,IRD:Human,Netherlands,-N/A-,-N/A-,A/Bilthoven/5146/1974,04/17/2012,
M1,CY071437*,No,7,982,H1N1,12/02/2009,IRD:Human,Kyrgyzstan,-N/A-,-N/A-,A/Bishkek/WR0881T/2009(H1N1),09/02/2010,
M1,CY044645,Yes,7,985,H3N2,02/20/2008,IRD:Human,USA,Massachusetts,07-08,A/Boston/47/2008(H3N2),08/26/2009,
M1,CY044717,Yes,7,985,H3N2,02/24/2008,IRD:Human,USA,Massachusetts,07-08,A/Boston/58/2008(H3N2),08/26/2009,
M1,CY089188,Yes,7,987,H1N1,10/10/2009,IRD:Human,USA,Massachusetts,09-10,A/Boston/583/2009(H1N1),04/05/2011,
M1,CY075605,Yes,7,987,H1N1,11/17/2009,IRD:Human,USA,Massachusetts,09-10,A/Boston/681/2009(H1N1),10/15/2010,
M1,CY089340,Yes,7,987,H1N1,11/18/2009,IRD:Human,USA,Massachusetts,09-10,A/Boston/685/2009,04/26/2011,
M1,CY044805,Yes,7,986,H3N2,03/12/2008,IRD:Human,USA,Massachusetts,07-08,A/Boston/79/2008,09/28/2012,
M1,CY111375,Yes,7,987,H1N1,03/03/2011,IRD:Human,USA,Massachusetts,10-11,A/Boston/DOA70/2011,04/16/2012,
M1,CY111447,Yes,7,1002,H3N2,03/17/2011,IRD:Human,USA,Massachusetts,10-11,A/Boston/DOA82/2011,04/16/2012,
M1,EU249169,No,7,982,H1N1,2006,IRD:Human,Germany,-N/A-,-N/A-,A/Brandenburg/1/2006(H1N1),09/03/2008,
M1,EU249213,No,7,982,H3N2,2005,IRD:Human,Germany,-N/A-,-N/A-,A/Brandenburg/6/2005(H3N2),09/03/2008,
M1,AJ458308,No,7,1028,H3N2,1997,IRD:Human,Slovakia,-N/A-,-N/A-,A/Bratislava/6/97(H3N2),04/25/2012,
M1,CY020294,Yes,7,1000,H1N1,1978,IRD:Human,Brazil,-N/A-,-N/A-,A/Brazil/11/1978(H1N1),05/15/2007,
M1,CY125117,Yes,7,1002,H1N1,2000,IRD:Human,Brazil,-N/A-,-N/A-,A/Brazil/74200/2000,07/27/2012,
M1,CY120740,Yes,7,999,H1N1,07/31/2009,IRD:Human,Brazil,-N/A-,-N/A-,A/Brazil/AVS07/2009,06/05/2012,
M1,AY130766,No,7,982,H1N1,1918,IRD:Human,USA,Alaska,-N/A-,A/Brevig Mission/1/1918(H1N1),07/27/2006,
M1,CY121569,Yes,7,1002,H3N2,2006,IRD:Human,Australia,-N/A-,-N/A-,A/Brisbane/09/2006,07/09/2012,
M1,CY064977,Yes,7,1006,H1N1,07/01/2007,IRD:Human,Australia,-N/A-,-N/A-,A/Brisbane/59/2007,03/28/2012,
M1,CY097983,Yes,7,982,H1N1,01/18/2011,IRD:Human,Hungary,-N/A-,10-11,A/Budapest/WRAIR3789T/2011,04/12/2012,
M1,GQ369806,No,7,982,H3N2,08/30/2008,IRD:Human,USA,California,-N/A-,A/California/09/2008(H3N2),07/28/2009,
M1,KC782303,No,7,982,H1N1,09/28/2009,IRD:Human,USA,California,08-09,A/California/38/2009,04/08/2013,
M1,CY028468,Yes,7,989,H1N1,03/08/2007,IRD:Human,USA,California,06-07,A/California/UR06-0552/2007(H1N1),01/17/2008,
M1,CY038816,Yes,7,985,H3N2,02/20/2008,IRD:Human,USA,California,07-08,A/California/UR07-0067/2008,03/06/2012,
M1,CY066200,Yes,7,987,H1N1,11/05/2009,IRD:Human,USA,California,09-10,A/California/VRDL103/2009(H1N1),07/16/2010,
M1,CY066280,Yes,7,987,H1N1,11/24/2009,IRD:Human,USA,California,09-10,A/California/VRDL113/2009(H1N1),07/16/2010,
M1,CY063196,Yes,7,982,H1N1,01/27/2010,IRD:Human,USA,California,09-10,A/California/VRDL12/2010(H1N1),05/14/2010,
M1,CY066440,Yes,7,987,H1N1,12/30/2009,IRD:Human,USA,California,09-10,A/California/VRDL133/2009(H1N1),07/18/2010,
M1,CY064824,Yes,7,1000,H3N2,04/27/2009,IRD:Human,USA,California,08-09,A/California/VRDL138/2009(H3N2),07/07/2010,
M1,CY068202,Yes,7,999,H3N2,04/28/2009,IRD:Human,USA,California,08-09,A/California/VRDL170/2009(H3N2),08/09/2010,
M1,CY068751,Yes,7,999,H3N2,04/29/2009,IRD:Human,USA,California,08-09,A/California/VRDL201/2009(H3N2),08/20/2010,
M1,CY068258*,Yes,7,990,H3N2,04/29/2009,IRD:Human,USA,California,08-09,A/California/VRDL230/2009(H3N2),08/09/2010,
M1,CY068274,Yes,7,999,H3N2,04/29/2009,IRD:Human,USA,California,08-09,A/California/VRDL233/2009(H3N2),08/09/2010,
M1,CY068330,Yes,7,1000,H3N2,05/01/2009,IRD:Human,USA,California,08-09,A/California/VRDL260/2009(H3N2),08/09/2010,
M1,CY068522,Yes,7,1000,H3N2,05/06/2009,IRD:Human,USA,California,08-09,A/California/VRDL318/2009(H3N2),08/20/2010,
M1,CY054852,Yes,7,987,H1N1,07/01/2009,IRD:Human,USA,California,08-09,A/California/VRDL32/2009(H1N1),02/05/2010,
M1,CY054876,Yes,7,987,H1N1,07/05/2009,IRD:Human,USA,California,08-09,A/California/VRDL35/2009(H1N1),02/05/2010,
M1,CY068026,Yes,7,999,H3N2,05/23/2009,IRD:Human,USA,California,08-09,A/California/VRDL351/2009(H3N2),08/20/2010,
M1,CY092771,Yes,7,999,mixed,05/27/2009,IRD:Human,USA,California,08-09,A/California/VRDL353/2009,07/11/2011,
M1,CY054972,Yes,7,987,H1N1,07/21/2009,IRD:Human,USA,California,08-09,A/California/VRDL53/2009(H1N1),02/05/2010,
M1,CY055044,Yes,7,987,H1N1,08/27/2009,IRD:Human,USA,California,08-09,A/California/VRDL70/2009(H1N1),02/05/2010,
M1,CY066192,Yes,7,987,H1N1,10/29/2009,IRD:Human,USA,California,09-10,A/California/VRDL94/2009(H1N1),07/18/2010,
M1,CY063124,Yes,7,987,H1N1,10/29/2009,IRD:Human,USA,California,09-10,A/California/VRDL96/2009(H1N1),05/14/2010,
M1,CY063140,Yes,7,987,H1N1,10/29/2009,IRD:Human,USA,California,09-10,A/California/VRDL98/2009(H1N1),05/14/2010,
M1,CY009597,No,7,993,H1N1,1946,IRD:Human,Unknown,-N/A-,-N/A-,A/Cam/46(H1N1),07/27/2006,
M1,CY081487,Yes,7,1002,H1N1,10/14/2009,IRD:Human,Cambodia,-N/A-,-N/A-,A/Cambodia/NHRCC00001/2009(H1N1),02/08/2011,
M1,HQ200419,No,7,1018,H5N1,03/21/2006,IRD:Human,Cambodia,-N/A-,-N/A-,A/Cambodia/Q0321176/2006(H5N1),10/14/2010,
M1,HQ200597,Yes,7,1027,H5N1,12/11/2008,IRD:Human,Cambodia,-N/A-,-N/A-,A/Cambodia/S1211394/2008(H5N1),10/14/2010,
M1,HQ239622,No,7,979,H1N1,12/05/2009,IRD:Human,Canada,-N/A-,09-10,A/Canada-MB/RV0062-10/2009,11/19/2012,
M1,GQ132149,Yes,7,992,H1N1,2009,IRD:Human,Canada,-N/A-,-N/A-,A/Canada-ON/RV1529/2009(H1N1),05/11/2009,
M1,CY065773,Yes,7,982,H1N1,04/2009,IRD:Human,Canada,-N/A-,08-09,A/Canada/GFA0402/2009(H1N1),07/07/2010,
M1,CY007468,Yes,7,1000,H1N1,09/12/2004,IRD:Human,New Zealand,-N/A-,-N/A-,A/Canterbury/106/2004(H1N1),07/27/2006,
M1,CY010341,Yes,7,1000,H1N1,07/27/2001,IRD:Human,New Zealand,-N/A-,-N/A-,A/Canterbury/144/2001(H1N1),07/27/2006,
M1,CY009981,Yes,7,999,H1N1,08/14/2001,IRD:Human,New Zealand,-N/A-,-N/A-,A/Canterbury/153/2001(H1N1),07/27/2006,
M1,CY039982,Yes,7,989,H3N2,09/16/2004,IRD:Human,New Zealand,-N/A-,-N/A-,A/Canterbury/200/2004(H3N2),07/10/2009,
M1,CY039981,Yes,7,989,H3N2,09/16/2004,IRD:Human,New Zealand,-N/A-,-N/A-,A/Canterbury/200/2004(H3N2),07/10/2009,
M1,CY039975,Yes,7,989,H3N2,09/16/2004,IRD:Human,New Zealand,-N/A-,-N/A-,A/Canterbury/200/2004(H3N2),07/10/2009,
M1,CY039974,Yes,7,989,H3N2,09/16/2004,IRD:Human,New Zealand,-N/A-,-N/A-,A/Canterbury/200/2004(H3N2),07/10/2009,
M1,CY039979,Yes,7,989,H3N2,09/16/2004,IRD:Human,New Zealand,-N/A-,-N/A-,A/Canterbury/200/2004(H3N2),07/10/2009,
M1,CY007516,No,7,975,H3N2,09/21/2004,IRD:Human,New Zealand,-N/A-,-N/A-,A/Canterbury/207/2004(H3N2),07/27/2006,
M1,CY008405,Yes,7,996,H3N2,07/31/2005,IRD:Human,New Zealand,-N/A-,-N/A-,A/Canterbury/236/2005(H3N2),07/27/2006,
M1,CY008621,No,7,988,H3N2,08/31/2005,IRD:Human,New Zealand,-N/A-,-N/A-,A/Canterbury/256/2005(H3N2),07/27/2006,
M1,CY007052,Yes,7,995,H3N2,07/05/2003,IRD:Human,New Zealand,-N/A-,-N/A-,A/Canterbury/405/2003(H3N2),07/27/2006,
M1,CY010781,Yes,7,997,H1N1,07/10/2001,IRD:Human,New Zealand,-N/A-,-N/A-,A/Canterbury/42/2001(H1N1),07/27/2006,
M1,CY010437,Yes,7,1000,H1N1,07/18/2001,IRD:Human,New Zealand,-N/A-,-N/A-,A/Canterbury/68/2001(H1N1),07/27/2006,
M1,CY010141,Yes,7,1000,H1N1,10/22/2000,IRD:Human,New Zealand,-N/A-,-N/A-,A/Canterbury/95/2000(H1N1),07/27/2006,
M1,AF398876,No,7,987,H1N1,1995,IRD:Human,USA,Virginia,-N/A-,A/Charlottesville/31/95(H1N1),07/27/2006,
M1,CY020438,Yes,7,984,H1N1,1983,IRD:Human,Chile,-N/A-,-N/A-,A/Chile/1/1983(H1N1),05/15/2007,
M1,CY092953,Yes,7,987,H1N1,06/22/2010,IRD:Human,Chile,-N/A-,-N/A-,A/Chile/15/2010,07/11/2011,
M1,CY075284,Yes,7,987,H1N1,06/26/2009,IRD:Human,Chile,-N/A-,-N/A-,A/Chile/3056/2009(H1N1),10/14/2010,
M1,CY075100,Yes,7,987,H1N1,05/25/2009,IRD:Human,Chile,-N/A-,-N/A-,A/Chile/32/2009(H1N1),10/14/2010,
M1,CY075124,Yes,7,987,H1N1,05/25/2009,IRD:Human,Chile,-N/A-,-N/A-,A/Chile/42/2009(H1N1),10/14/2010,
M1,CY002915,Yes,7,1027,H3N2,08/12/2004,IRD:Human,New Zealand,-N/A-,-N/A-,A/Christchurch/15/2004(H3N2),07/27/2006,
M1,GQ369812,No,7,982,H3N2,2008,IRD:Human,USA,Colorado,-N/A-,A/Colorado/05/2008(H3N2),07/28/2009,
M1,KC780090,No,7,982,H1N1,01/03/2009,IRD:Human,USA,Colorado,08-09,A/Colorado/07/2009,04/08/2013,
M1,EU100613,No,7,1027,H1N1,07/05/2006,IRD:Human,USA,Colorado,-N/A-,A/Colorado/1/2006(H1N1),06/18/2008,
M1,KC781904,No,7,982,H1N1,08/05/2009,IRD:Human,USA,Colorado,08-09,A/Colorado/12/2009,04/08/2013,
M1,EU716614,No,7,984,H1N1,12/06/2007,IRD:Human,USA,Colorado,07-08,A/Colorado/33/2007,03/30/2012,
M1,GQ475618,No,7,982,H1N1,12/09/2007,IRD:Human,USA,Colorado,07-08,A/Colorado/39/2007(H1N1),08/21/2009,
M1,CY026524,Yes,7,1000,H1N1,01/22/2007,IRD:Human,USA,Colorado,06-07,A/Colorado/UR06-0053/2007(H1N1),01/18/2008,
M1,CY025350,Yes,7,987,H3N2,02/06/2007,IRD:Human,USA,Colorado,06-07,A/Colorado/UR06-0206/2007(H3N2),10/16/2007,
M1,CY025932,Yes,7,997,H3N2,02/27/2007,IRD:Human,USA,Colorado,06-07,A/Colorado/UR06-0453/2007(H3N2),10/16/2007,
M1,KC780650,No,7,982,H1N1,11/08/2009,IRD:Human,USA,Connecticut,09-10,A/Connecticut/15/2009,04/08/2013,
M1,CY073742,Yes,7,987,H1N1,11/18/2009,IRD:Human,Denmark,-N/A-,09-10,A/Copenhagen/INS433/2009(H1N1),09/10/2010,
M1,CY125919,Yes,7,991,H2N2,1967,IRD:Human,USA,Unknown,-N/A-,A/Cornell/1001/1967(H2N2),10/31/2012,
M1,CY049934,Yes,7,982,H1N1,05/27/2009,IRD:Human,USA,North Carolina,08-09,A/Craven/WR1001/2009(H1N1),11/19/2009,
M1,CY104565,No,7,999,H1N1,08/21/2008,IRD:Human,Viet Nam,-N/A-,-N/A-,A/DaNang/DN311/2008,04/12/2012,
M1,CY105823,Yes,7,1000,H3N2,11/26/2008,IRD:Human,Viet Nam,-N/A-,-N/A-,A/DaNang/DN453/2008,04/16/2012,
M1,AY210026,No,7,982,H2N2,1957,IRD:Human,USA,California,-N/A-,A/Davis/1/57(H2N2),07/27/2006,
M1,FJ265004,No,7,971,H1N1,2008,IRD:Human,Denmark,-N/A-,-N/A-,A/Denmark/06/2008(H1N1),01/16/2009,
M1,EU097889,No,7,971,H1N1,2006,IRD:Human,Denmark,-N/A-,-N/A-,A/Denmark/47/2006(H1N1),06/18/2008,
M1,EU097867,No,7,971,H3N2,2005,IRD:Human,Denmark,-N/A-,-N/A-,A/Denmark/84/2005(H3N2),06/18/2008,
M1,GQ168665,No,7,982,H1N1,04/27/2009,IRD:Human,USA,District of Columbia,08-09,A/District of Columbia/03/2009(H1N1),05/26/2009,
M1,CY066864,Yes,7,987,H1N1,11/12/2009,IRD:Human,USA,District of Columbia,09-10,A/District of Columbia/INS227/2009(H1N1),11/19/2010,
M1,CY012009,No,7,976,H3N2,07/01/2002,IRD:Human,New Zealand,-N/A-,-N/A-,A/Dunedin/8/2002(H3N2),03/30/2012,
M1,JX456103*,No,7,982,H5N1,02/21/2012,IRD:Human,Egypt,-N/A-,-N/A-,A/Egypt/N00951/2012,09/07/2012,
M1,HM204768,No,7,981,H2N2,09/02/1957,IRD:Human,El Salvador,-N/A-,-N/A-,A/El Salvador/2/1957(H2N2),07/07/2010,
M1,AY210029,No,7,982,H2N2,1957,IRD:Human,El Salvador,-N/A-,-N/A-,A/ElSalvador/2/57(H2N2),07/27/2006,
M1,JX625833,Yes,7,982,H1N1,12/10/2010,IRD:Human,United Kingdom,-N/A-,10-11,A/England/05040482/2010,12/03/2012,
M1,JX625857,Yes,7,982,H1N1,12/11/2010,IRD:Human,United Kingdom,-N/A-,10-11,A/England/05060351/2010,12/03/2012,
M1,AY210058,No,7,982,H2N2,1967,IRD:Human,United Kingdom,-N/A-,-N/A-,A/England/10/67(H2N2),07/27/2006,
M1,CY065225,Yes,7,982,H1N1,04/27/2009,IRD:Human,United Kingdom,-N/A-,08-09,A/England/207/2009,01/25/2012,
M1,JX625705,Yes,7,982,H1N1,11/28/2010,IRD:Human,United Kingdom,-N/A-,10-11,A/England/209/2010,12/03/2012,
M1,JX625801,Yes,7,982,H1N1,12/10/2010,IRD:Human,United Kingdom,-N/A-,10-11,A/England/272/2010,12/03/2012,
M1,HM567691,Yes,7,978,H1N1,05/27/2009,IRD:Human,United Kingdom,-N/A-,08-09,A/England/350/2009,01/25/2012,
M1,CY113086,Yes,7,999,H3N2,1972,IRD:Human,United Kingdom,-N/A-,-N/A-,A/England/42/1972,04/06/2012,
M1,CY088025,Yes,7,983,H3N2,11/03/2003,IRD:Human,United Kingdom,-N/A-,03-04,A/England/442/2003(H3N2),03/20/2012,
M1,HM568019,Yes,7,1002,H1N1,11/20/2009,IRD:Human,United Kingdom,-N/A-,09-10,A/England/872/2009,01/25/2012,
M1,JX625438,Yes,7,982,H1N1,07/15/2009,IRD:Human,United Kingdom,-N/A-,08-09,A/England/92960004/2009,12/03/2012,
M1,AJ298947,No,7,1027,H1N1,1983,IRD:Human,Fiji,-N/A-,-N/A-,A/Fiji/15899/83,03/28/2012,
M1,KC780538,Yes,7,982,H1N1,02/02/2010,IRD:Human,USA,Florida,09-10,A/Florida/02/2010,04/08/2013,
M1,EU716566,No,7,984,H1N1,12/04/2007,IRD:Human,USA,Florida,07-08,A/Florida/12/2007,03/28/2012,
M1,KC781276,No,7,982,H1N1,08/02/2010,IRD:Human,USA,Florida,-N/A-,A/Florida/13/2010,04/09/2013,
M1,CY069336,Yes,7,986,H3N2,05/2009,IRD:Human,USA,Florida,08-09,A/Florida/WRAIR1039P/2009(H3N2),08/20/2010,
M1,CY087785,Yes,7,1002,H1N1,06/01/1947,IRD:Human,USA,New Jersey,-N/A-,A/Fort Monmouth/1-MA/1947,04/06/2011,
M1,U02084,Yes,7,1027,H1N1,1947,IRD:Human,USA,New Jersey,-N/A-,A/Fort Monmouth/1/1947,03/28/2012,
M1,CY009333,Yes,7,1000,H1N1,1950,IRD:Human,USA,Unknown,-N/A-,A/Fort Warren/1/1950,04/06/2012,
M1,GQ300855,Yes,7,982,H1N1,06/07/2009,IRD:Human,Japan,-N/A-,08-09,A/Fukuoka-C/1/2009(H1N1),07/28/2009,
M1,AF038272,No,7,982,H3N2,1996,IRD:Human,Japan,-N/A-,-N/A-,A/Fukushima/114/96(H3N2),07/27/2006,
M1,AF038273,No,7,982,H3N2,1996,IRD:Human,Japan,-N/A-,-N/A-,A/Fukushima/140/96(H3N2),07/27/2006,
M1,CY056357,No,7,926,H1N1,2006,IRD:Human,Japan,-N/A-,-N/A-,A/Fukushima/141/2006(H1N1),09/27/2010,
M1,CY060462,No,7,982,H1N1,11/18/2009,IRD:Human,South Korea,-N/A-,09-10,A/Gangwon/1805/2009(H1N1),04/27/2010,
M1,CY065937,Yes,7,987,H1N1,07/23/2009,IRD:Human,Guam,-N/A-,-N/A-,A/Guam/NHRC0002/2009(H1N1),07/07/2010,
M1,CY083235,Yes,7,982,H1N1,08/12/2009,IRD:Human,Guam,-N/A-,-N/A-,A/Guam/WRAIR1510P/2009,03/16/2011,
M1,CY093338,Yes,7,999,H3N2,02/01/2009,IRD:Human,Guam,-N/A-,-N/A-,A/Guam/WRAIR1557P/2009(H3N2),07/27/2011,
M1,HM780479,No,7,982,H1N1,10/17/2009,IRD:Human,China,-N/A-,-N/A-,A/Guangdong/0752/2009(H1N1),07/30/2010,
M1,HM780485,No,7,982,H1N1,10/27/2009,IRD:Human,China,-N/A-,-N/A-,A/Guangdong/0862/2009(H1N1),07/30/2010,
M1,CY103909,Yes,7,1026,H1N1,2009,IRD:Human,China,-N/A-,-N/A-,A/Guangdong/5301/2009,04/16/2012,
M1,HM014333,Yes,7,1039,H1N1,08/10/2009,IRD:Human,China,-N/A-,-N/A-,A/Guangzhou/GIRD07/2009(H1N1),03/29/2010,
M1,AB704425,Yes,7,982,H1N1,11/19/2009,IRD:Human,Japan,-N/A-,09-10,A/Gunma/262/2009,07/25/2012,
M1,EU249152,No,7,982,H1N1,2005,IRD:Human,Germany,-N/A-,-N/A-,A/Hamburg/1/2005(H1N1),08/13/2008,
M1,KC853764,No,7,982,H7N9,03/24/2013,IRD:Human,China,-N/A-,-N/A-,A/Hangzhou/1/2013,04/08/2013,
M1,JN024641,No,7,982,H1N1,01/2010,IRD:Human,China,-N/A-,-N/A-,A/Hangzhou/110/2010,10/28/2011,
M1,JN024653,No,7,982,H1N1,01/04/2011,IRD:Human,China,-N/A-,-N/A-,A/Hangzhou/A2/2011,10/28/2011,
M1,AB285969,No,7,1027,H1N1,06/25/2003,IRD:Human,Viet Nam,-N/A-,-N/A-,A/Hanoi/784b/2003(H1N1),02/20/2009,
M1,AB285966,No,7,1027,H1N1,10/28/2003,IRD:Human,Viet Nam,-N/A-,-N/A-,A/Hanoi/867/2003(H1N1),02/20/2009,
M1,AB286011,No,7,1027,H1N1,05/19/2006,IRD:Human,Viet Nam,-N/A-,-N/A-,A/Hanoi/BM356/2006(H1N1),02/20/2009,
M1,CY104141,Yes,7,1000,H3N2,01/30/2004,IRD:Human,Viet Nam,-N/A-,-N/A-,A/HaNoi/HN30110/2004,04/16/2012,
M1,AB285993,No,7,1013,H1N1,04/01/2005,IRD:Human,Viet Nam,-N/A-,-N/A-,A/Hanoi/ISBM23/2005(H1N1),02/20/2009,
M1,AB285996,No,7,1013,H1N1,04/05/2005,IRD:Human,Viet Nam,-N/A-,-N/A-,A/Hanoi/ISBM27/2005(H1N1),02/20/2009,
M1,AB285999,Yes,7,1024,H1N1,04/08/2005,IRD:Human,Viet Nam,-N/A-,-N/A-,A/Hanoi/ISBM31/2005(H1N1),02/20/2009,
M1,CY105631,Yes,7,999,H3N2,03/02/2007,IRD:Human,Viet Nam,-N/A-,-N/A-,A/HaNoi/N71/2007(H3N2),04/16/2012,
M1,CY105687,Yes,7,1000,H3N2,03/30/2007,IRD:Human,Viet Nam,-N/A-,-N/A-,A/HaNoi/Q220/2007,04/06/2012,
M1,CY104285,Yes,7,999,H1N1,08/09/2006,IRD:Human,Viet Nam,-N/A-,-N/A-,A/HaNoi/Q580/2006(H1N1),04/16/2012,
M1,CY104293,Yes,7,999,H1N1,08/14/2006,IRD:Human,Viet Nam,-N/A-,-N/A-,A/HaNoi/Q591/2006(H1N1),04/16/2012,
M1,CY105815,Yes,7,999,H3N2,12/05/2007,IRD:Human,Viet Nam,-N/A-,-N/A-,A/HaNoi/Q924/2007(H3N2),04/16/2012,
M1,AB281249,No,7,948,H3N2,05/18/2005,IRD:Human,Viet Nam,-N/A-,-N/A-,A/Hanoi/TB285/2005(H3N2),02/20/2009,
M1,AB281261,No,7,923,H3N2,10/13/2005,IRD:Human,Viet Nam,-N/A-,-N/A-,A/Hanoi/TN405/2005(H3N2),02/20/2009,
M1,AB281264,No,7,1027,H3N2,10/13/2005,IRD:Human,Viet Nam,-N/A-,-N/A-,A/Hanoi/TN406/2005(H3N2),02/20/2009,
M1,CY105807,Yes,7,999,H3N2,01/29/2007,IRD:Human,Viet Nam,-N/A-,-N/A-,A/HaNoi/TX072/2007(H3N2),04/16/2012,
M1,KC780100,No,7,982,H1N1,05/04/2010,IRD:Human,USA,Hawaii,09-10,A/Hawaii/07/2010,04/09/2013,
M1,GQ475835,No,7,984,H1N1,10/15/2008,IRD:Human,USA,Hawaii,08-09,A/Hawaii/19/2008(H1N1),08/21/2009,
M1,GQ475797,No,7,984,H1N1,10/25/2008,IRD:Human,USA,Hawaii,08-09,A/Hawaii/21/2008(H1N1),08/21/2009,
M1,KC535400,No,7,982,H3N2,09/28/2009,IRD:Human,USA,Hawaii,08-09,A/Hawaii/31/2009,03/18/2013,
M1,GQ475626,No,7,982,H1N1,11/07/2007,IRD:Human,USA,Hawaii,07-08,A/Hawaii/39/2007(H1N1),08/21/2009,
M1,GQ466369,No,7,984,H1N1,10/20/2008,IRD:Human,USA,Hawaii,08-09,A/Hawaii/42/2008(H1N1),08/17/2009,
M1,GQ475756,No,7,984,H1N1,12/17/2008,IRD:Human,USA,Hawaii,08-09,A/Hawaii/58/2008(H1N1),08/21/2009,
M1,U65561,No,7,982,H3N2,1993,IRD:Human,China,-N/A-,-N/A-,A/Hebei/12/93,03/28/2012,
M1,JQ409137,Yes,7,982,H1N1,06/13/2009,IRD:Human,Finland,-N/A-,08-09,A/Helsinki/Vi2/2009(H1N1),02/20/2012,
M1,CY020446,Yes,7,985,H1N1,1936,IRD:Human,-N/A-,-N/A-,-N/A-,A/Henry/1936(H1N1),05/15/2007,
M1,AY575893,No,7,1001,H5N1,2003,IRD:Human,Hong Kong,-N/A-,-N/A-,A/HK/212/03(H5N1),07/27/2006,
M1,CY044270,No,7,985,H3N2,1968,IRD:Human,Hong Kong,-N/A-,-N/A-,A/Hong Kong/1-1-MA-20/1968,07/18/2011,
M1,CY034013,Yes,7,985,H3N2,1968,IRD:Human,Hong Kong,-N/A-,-N/A-,A/Hong Kong/1-6-MA21-2/1968,07/18/2011,
M1,CY033522,Yes,7,983,H3N2,1968,IRD:Human,Hong Kong,-N/A-,-N/A-,A/Hong Kong/1-9-MA21-2/1968,07/18/2011,
M1,CY112429,Yes,7,1000,H3N2,1989,IRD:Human,Hong Kong,-N/A-,-N/A-,A/Hong Kong/1/1989,04/25/2012,
M1,AF348188,Yes,7,1002,H3N2,1968,IRD:Human,Hong Kong,-N/A-,-N/A-,A/Hong Kong/1/68(H3N2),07/27/2006,
M1,AF255364,Yes,7,1027,H9N2,1999,IRD:Human,Hong Kong,-N/A-,-N/A-,A/Hong Kong/1074/99(H9N2),07/27/2006,
M1,AF386765,No,7,1027,H3N2,1999,IRD:Human,Hong Kong,-N/A-,-N/A-,A/Hong Kong/1143/99(H3N2),07/27/2006,
M1,AF386768,No,7,1027,H3N2,1999,IRD:Human,Hong Kong,-N/A-,-N/A-,A/Hong Kong/1144/99(H3N2),07/27/2006,
M1,CY009293,Yes,7,1000,H1N1,1977,IRD:Human,Hong Kong,-N/A-,-N/A-,A/Hong Kong/117/77(H1N1),07/27/2006,
M1,AJ293925,No,7,1029,H3N2,1999,IRD:Human,Hong Kong,-N/A-,-N/A-,A/Hong Kong/1774/99(H3N2),03/28/2012,
M1,CY003521,Yes,7,1027,H3N2,1985,IRD:Human,Hong Kong,-N/A-,-N/A-,A/Hong Kong/24/85(H3N2),07/27/2006,
M1,GU052090,No,7,1002,H5N1,2001,IRD:Human,Hong Kong,-N/A-,-N/A-,A/Hong Kong/378.1/2001(H5N1),12/03/2009,
M1,AF258523,No,7,1027,H1N1,1998,IRD:Human,Hong Kong,-N/A-,-N/A-,A/Hong Kong/427/98(H1N1),07/27/2006,
M1,CY006684,Yes,7,982,H3N2,1971,IRD:Human,Hong Kong,-N/A-,-N/A-,A/Hong Kong/46/1971,09/28/2012,
M1,CY003489,Yes,7,1027,H3N2,1980,IRD:Human,Hong Kong,-N/A-,-N/A-,A/Hong Kong/46/80(H3N2),07/27/2006,
M1,AF258522,No,7,1027,H1N1,1997,IRD:Human,Hong Kong,-N/A-,-N/A-,A/Hong Kong/470/97(H1N1),07/27/2006,
M1,AF115286,Yes,7,982,H5N1,1997,IRD:Human,Hong Kong,-N/A-,-N/A-,A/Hong Kong/481/97(H5N1),07/27/2006,
M1,AF255365,Yes,7,1027,H5N1,1997,IRD:Human,Hong Kong,-N/A-,-N/A-,A/Hong Kong/481/97(H5N1),07/27/2006,
M1,AF084282,Yes,7,982,H5N1,1997,IRD:Human,Hong Kong,-N/A-,-N/A-,A/Hong Kong/482/97(H5N1),07/27/2006,
M1,AF084283,Yes,7,982,H5N1,1997,IRD:Human,Hong Kong,-N/A-,-N/A-,A/Hong Kong/483/97(H5N1),07/27/2006,
M1,AJ278648,Yes,7,1028,H5N1,1997,IRD:Human,Hong Kong,-N/A-,-N/A-,A/Hong Kong/485/97,04/02/2012,
M1,AF084284,No,7,982,H5N1,1997,IRD:Human,Hong Kong,-N/A-,-N/A-,A/Hong Kong/485/97(H5N1),07/27/2006,
M1,AF255369,No,7,1027,H3N2,1997,IRD:Human,Hong Kong,-N/A-,-N/A-,A/Hong Kong/497/97(H3N2),07/27/2006,
M1,AF255371,No,7,1027,H5N1,1997,IRD:Human,Hong Kong,-N/A-,-N/A-,A/Hong Kong/532/97(H5N1),07/27/2006,
M1,AF255372,No,7,1027,H5N1,1997,IRD:Human,Hong Kong,-N/A-,-N/A-,A/Hong Kong/538/97(H5N1),07/27/2006,
M1,AF255373,No,7,1027,H5N1,1997,IRD:Human,Hong Kong,-N/A-,-N/A-,A/Hong Kong/542/97(H5N1),07/27/2006,
M1,CY003545,Yes,7,1027,H3N2,1987,IRD:Human,Hong Kong,-N/A-,-N/A-,A/Hong Kong/7/87(H3N2),07/27/2006,
M1,EU597899,No,7,985,H3N2,1998,IRD:Human,Hong Kong,-N/A-,-N/A-,A/Hong Kong/CUHK10276/1998(H3N2),05/19/2008,
M1,EU598118,No,7,985,H3N2,2005,IRD:Human,Hong Kong,-N/A-,-N/A-,A/Hong Kong/CUHK10297/2005(H3N2),05/19/2008,
M1,EU597908,No,7,985,H3N2,1998,IRD:Human,Hong Kong,-N/A-,-N/A-,A/Hong Kong/CUHK16614/1998(H3N2),05/19/2008,
M1,EU597909,No,7,985,H3N2,1998,IRD:Human,Hong Kong,-N/A-,-N/A-,A/Hong Kong/CUHK17464/1998(H3N2),05/19/2008,
M1,EU597921,No,7,985,H3N2,1998,IRD:Human,Hong Kong,-N/A-,-N/A-,A/Hong Kong/CUHK18358/1998(H3N2),05/19/2008,
M1,EU597874,No,7,985,H3N2,1997,IRD:Human,Hong Kong,-N/A-,-N/A-,A/Hong Kong/CUHK20213/1997(H3N2),05/19/2008,
M1,EU597879,No,7,985,H3N2,1997,IRD:Human,Hong Kong,-N/A-,-N/A-,A/Hong Kong/CUHK20731/1997(H3N2),05/19/2008,
M1,EU597992,No,7,985,H3N2,2001,IRD:Human,Hong Kong,-N/A-,-N/A-,A/Hong Kong/CUHK21226/2001(H3N2),05/19/2008,
M1,EU598024,No,7,985,H3N2,2002,IRD:Human,Hong Kong,-N/A-,-N/A-,A/Hong Kong/CUHK21582/2002(H3N2),05/19/2008,
M1,EU598040,No,7,985,H3N2,2002,IRD:Human,Hong Kong,-N/A-,-N/A-,A/Hong Kong/CUHK34175/2002(H3N2),05/19/2008,
M1,EU598044,No,7,985,H3N2,2002,IRD:Human,Hong Kong,-N/A-,-N/A-,A/Hong Kong/CUHK53123/2002(H3N2),05/19/2008,
M1,CY106897,Yes,7,1003,H3N2,07/29/2009,IRD:Human,Hong Kong,-N/A-,-N/A-,A/Hong Kong/H090-750-V10/2009,04/17/2012,
M1,CY106913,Yes,7,1003,H3N2,08/01/2009,IRD:Human,Hong Kong,-N/A-,-N/A-,A/Hong Kong/H090-755-V20/2009(H3N2),03/16/2012,
M1,CY111980,Yes,7,999,H1N1,07/31/2009,IRD:Human,Hong Kong,-N/A-,-N/A-,A/Hong Kong/H090-765-V10/2009,04/16/2012,
M1,CY106961,Yes,7,1003,H3N2,08/02/2009,IRD:Human,Hong Kong,-N/A-,-N/A-,A/Hong Kong/H090-768-V10/2009(H3N2),03/16/2012,
M1,CY106993,Yes,7,1003,H3N2,08/07/2009,IRD:Human,Hong Kong,-N/A-,-N/A-,A/Hong Kong/H090-783-V10/2009,03/16/2012,
M1,CY100207,No,7,979,H3N2,06/15/2005,IRD:Human,Hong Kong,-N/A-,-N/A-,A/Hong Kong/HKU110/2005,12/05/2011,
M1,CY100279,No,7,979,H3N2,05/18/2004,IRD:Human,Hong Kong,-N/A-,-N/A-,A/Hong Kong/HKU121/2004,12/05/2011,
M1,CY039496,Yes,7,985,H3N2,08/02/2004,IRD:Human,Hong Kong,-N/A-,-N/A-,A/Hong Kong/HKU32/2004(H3N2),06/19/2009,
M1,CY098761,Yes,7,1025,H5N1,05/21/2010,IRD:Human,China,-N/A-,-N/A-,A/Hubei/1/2010,12/14/2011,
M1,CY095865,Yes,7,982,H1N1,11/2009,IRD:Human,China,-N/A-,-N/A-,A/Hubei/74/2009,04/16/2012,
M1,CY095873,Yes,7,982,H1N1,11/2009,IRD:Human,China,-N/A-,-N/A-,A/Hubei/75/2009,04/17/2012,
M1,CY008813,No,7,988,H3N2,09/21/2000,IRD:Human,New Zealand,-N/A-,-N/A-,A/Hutt/82/2000(H3N2),07/27/2006,
M1,CY066696,Yes,7,987,H1N1,11/27/2009,IRD:Human,Denmark,-N/A-,09-10,A/Hvidovre/INS290/2009(H1N1),07/19/2010,
M1,GQ222026,Yes,7,982,H1N1,05/17/2009,IRD:Human,Japan,-N/A-,08-09,A/Hyogo/2/2009(H1N1),06/05/2009,
M1,GQ475718,No,7,982,H1N1,02/28/2008,IRD:Human,USA,Idaho,07-08,A/Idaho/09/2008(H1N1),08/21/2009,
M1,KC780896,No,7,982,H1N1,10/07/2009,IRD:Human,USA,Idaho,09-10,A/Idaho/13/2009,04/09/2013,
M1,CY026180,Yes,7,986,H1N1,02/08/2007,IRD:Human,USA,Illinois,06-07,A/Illinois/UR06-0223/2007(H1N1),10/16/2007,
M1,CY025478,Yes,7,985,H3N2,02/19/2007,IRD:Human,USA,Illinois,06-07,A/Illinois/UR06-0334/2007(H3N2),10/16/2007,
M1,CY026260,Yes,7,983,H3N2,03/07/2007,IRD:Human,USA,Illinois,06-07,A/Illinois/UR06-0555/2007(H3N2),10/16/2007,
M1,JF764082,Yes,7,982,H1N1,03/22/2010,IRD:Human,India,-N/A-,-N/A-,A/India/Blore/2010,03/18/2013,
M1,GQ369831,No,7,982,H3N2,01/17/2008,IRD:Human,USA,Indiana,07-08,A/Indiana/02/2008(H3N2),07/28/2009,
M1,GQ476138,No,7,984,H1N1,02/04/2009,IRD:Human,USA,Indiana,08-09,A/Indiana/03/2009(H1N1),08/21/2009,
M1,EU146657,No,7,795,H5N1,11/24/2005,IRD:Human,Indonesia,-N/A-,-N/A-,A/Indonesia/195H/2005(H5N1),06/18/2008,
M1,CY014173,Yes,7,1027,H5N1,07/08/2005,IRD:Human,Indonesia,-N/A-,-N/A-,A/Indonesia/5/2005(H5N1),06/18/2008,
M1,CY019387,No,7,983,H5N1,01/06/2007,IRD:Human,Indonesia,-N/A-,-N/A-,A/Indonesia/CDC1032/2007(H5N1),06/18/2008,
M1,CY014219,No,7,982,H5N1,01/14/2006,IRD:Human,Indonesia,-N/A-,-N/A-,A/Indonesia/CDC329/2006(H5N1),06/18/2008,
M1,CY014485,Yes,7,1002,H5N1,06/13/2006,IRD:Human,Indonesia,-N/A-,-N/A-,A/Indonesia/CDC669/2006(H5N1),06/18/2008,
M1,CY017641,Yes,7,1027,H5N1,11/10/2006,IRD:Human,Indonesia,-N/A-,-N/A-,A/Indonesia/CDC938/2006(H5N1),01/16/2007,
M1,DQ889688,Yes,7,982,H1N1,2005,IRD:Human,USA,Iowa,-N/A-,A/Iowa/CEID23/2005(H1N1),01/17/2008,
M1,CY069480,Yes,7,986,H3N2,02/2009,IRD:Human,Iraq,-N/A-,-N/A-,A/Iraq/WRAIR1157P/2009(H3N2),08/20/2010,
M1,GQ365429,Yes,7,982,H1N1,06/18/2009,IRD:Human,Japan,-N/A-,08-09,A/Iwate/2/2009(H1N1),07/28/2009,
M1,AY210028,Yes,7,982,H2N2,1957,IRD:Human,Japan,-N/A-,-N/A-,A/Japan/305/57(H2N2),07/27/2006,
M1,DQ508844,Yes,7,994,H2N2,1957,IRD:Human,Japan,-N/A-,-N/A-,A/Japan/305/57(H2N2),07/27/2006,
M1,CY100783*,Yes,7,983,H1N1,01/01/2009,IRD:Human,Japan,-N/A-,08-09,A/Japan/WRAIR1054P/2009(H1N1),12/14/2011,
M1,AF231358,No,7,1002,H2N1,1957,IRD:Human,Japan,-N/A-,-N/A-,A/JapanxBellamy/57(H2N1),07/27/2006,
M1,CY036992,Yes,7,986,H3N2,03/05/2008,IRD:Human,USA,Kansas,07-08,A/Kansas/UR07-0135/2008(H3N2),01/06/2009,
M1,KC781161,No,7,982,H1N1,02/22/2010,IRD:Human,USA,Kentucky,09-10,A/Kentucky/04/2010,04/09/2013,
M1,GQ475872,No,7,984,H1N1,05/12/2009,IRD:Human,USA,Kentucky,08-09,A/Kentucky/08/2009(H1N1),08/21/2009,
M1,KC782086,No,7,982,H1N1,09/02/2009,IRD:Human,USA,Kentucky,08-09,A/Kentucky/18/2009,04/09/2013,
M1,CY025494,Yes,7,986,H1N1,01/18/2007,IRD:Human,USA,Kentucky,06-07,A/Kentucky/UR06-0042/2007(H1N1),10/16/2007,
M1,CY038856,Yes,7,985,H3N2,03/10/2008,IRD:Human,USA,Kentucky,07-08,A/Kentucky/UR07-0148/2008,03/06/2012,
M1,JQ396189,No,7,1027,H3N2,10/15/2010,IRD:Human,Kenya,-N/A-,-N/A-,A/Kenya/084/2010,03/06/2012,
M1,JQ396193*,No,7,1089,H3N2,11/18/2010,IRD:Human,Kenya,-N/A-,-N/A-,A/Kenya/089/2010,03/15/2012,
M1,HQ214342,No,7,982,H3N2,11/10/2008,IRD:Human,Kenya,-N/A-,-N/A-,A/Kericho/7533/2008(H3N2),10/14/2010,
M1,M63531,Yes,7,1027,H2N2,1968,IRD:Human,South Korea,-N/A-,-N/A-,A/Korea/426/1968,04/25/2012,
M1,CY031596,Yes,7,985,H2N2,1968,IRD:Human,South Korea,-N/A-,-N/A-,A/Korea/426/1968(H2N2),06/18/2008,
M1,CY037320,Yes,7,982,H3N2,02/19/2008,IRD:Human,South Korea,-N/A-,07-08,A/Korea/AF05/2008(H3N2),03/04/2009,
M1,CY129991,Yes,7,1003,H1N1,02/24/2011,IRD:Human,China,-N/A-,-N/A-,A/Kowloon/INS629/2011,01/14/2013,
M1,JN596876,Yes,7,990,H2N2,1959,IRD:Human,Russia,-N/A-,-N/A-,A/Krasnodar/101/1959,09/16/2011,
M1,AY210050,No,7,982,H2N2,1965,IRD:Human,Japan,-N/A-,-N/A-,A/Kumamoto/1/65(H2N2),07/27/2006,
M1,CY093322,Yes,7,999,H3N2,12/01/2008,IRD:Human,Kyrgyzstan,-N/A-,-N/A-,A/Kyrgyzstan/WRAIR1256P/2008,07/29/2011,
M1,CY049854,Yes,7,982,H1N1,06/22/2009,IRD:Human,Bolivia,-N/A-,-N/A-,A/La Paz/WR0096T/2009(H1N1),11/19/2009,
M1,EU499374,No,7,952,H5N1,2007,IRD:Human,Laos,-N/A-,-N/A-,A/Laos/Nong Khai 1/2007(H5N1),01/09/2009,
M1,M81576,No,7,1027,H2N2,1957,IRD:Human,Russia,-N/A-,-N/A-,A/Leningrad/134/17/1957,03/28/2012,
M1,M81570,No,7,1027,H2N2,1957,IRD:Human,Russia,-N/A-,-N/A-,A/Leningrad/134/1957,03/28/2012,
M1,DQ508852,Yes,7,985,H3N2,1986,IRD:Human,Russia,-N/A-,-N/A-,A/Leningrad/360/1986(H3N2),07/27/2006,
M1,KC683498,Yes,7,1027,H1N1,12/14/2009,IRD:Human,China,-N/A-,-N/A-,A/Liaoning/14/2009(H1N1),03/28/2013,
M1,CY067758,No,7,985,H1N1,12/22/2009,IRD:Human,Portugal,-N/A-,09-10,A/Lisboa/104/2009(H1N1),08/03/2010,
M1,CY067920,No,7,985,H1N1,11/12/2009,IRD:Human,Portugal,-N/A-,09-10,A/Lisboa/89/2009(H1N1),08/04/2010,
M1,CY104671,Yes,7,999,H1N1,06/20/2006,IRD:Human,Viet Nam,-N/A-,-N/A-,A/LongAn/HCM665/2006,04/16/2012,
M1,AY210248,No,7,982,H3N2,1968,IRD:Human,Malaysia,-N/A-,-N/A-,A/Malaysia/1/68(H3N2),07/27/2006,
M1,CY118507,Yes,7,999,H3N2,12/24/1996,IRD:Human,Malaysia,-N/A-,-N/A-,A/Malaysia/11473/1996(H3N2),05/31/2012,
M1,CY118531,Yes,7,999,H3N2,06/02/1997,IRD:Human,Malaysia,-N/A-,-N/A-,A/Malaysia/12726/1997(H3N2),05/31/2012,
M1,CY118563,Yes,7,999,H3N2,06/24/1997,IRD:Human,Malaysia,-N/A-,-N/A-,A/Malaysia/12974/1997,05/29/2012,
M1,CY119267,Yes,7,999,H1N1,07/02/2007,IRD:Human,Malaysia,-N/A-,-N/A-,A/Malaysia/1811552/2007,05/30/2012,
M1,CY117887,Yes,7,999,mixed,11/20/2002,IRD:Human,Malaysia,-N/A-,-N/A-,A/Malaysia/23637/2002,05/31/2012,
M1,CY117901,Yes,7,1000,mixed,12/02/2002,IRD:Human,Malaysia,-N/A-,-N/A-,A/Malaysia/23721/2002,05/31/2012,
M1,CY119155,Yes,7,999,H1N1,10/23/2004,IRD:Human,Malaysia,-N/A-,-N/A-,A/Malaysia/30025/2004,05/30/2012,
M1,CY119179,Yes,7,1000,H1N1,11/30/2005,IRD:Human,Malaysia,-N/A-,-N/A-,A/Malaysia/33132/2005,05/30/2012,
M1,CY119195,Yes,7,999,H1N1,05/03/2006,IRD:Human,Malaysia,-N/A-,-N/A-,A/Malaysia/34450/2006,05/31/2012,
M1,CY119203,Yes,7,999,H1N1,07/19/2006,IRD:Human,Malaysia,-N/A-,-N/A-,A/Malaysia/35164/2006,05/31/2012,
M1,CY009341,Yes,7,999,H1N1,1954,IRD:Human,Malaysia,-N/A-,-N/A-,A/Malaysia/54(H1N1),07/27/2006,
M1,CY048936,Yes,7,987,H1N1,05/16/2009,IRD:Human,Malaysia,-N/A-,-N/A-,A/Malaysia/854/2009(H1N1),09/16/2011,
M1,CY074780,Yes,7,999,H3N2,06/08/2010,IRD:Human,Nicaragua,-N/A-,-N/A-,A/Managua/1535.03/2010(H3N2),10/14/2010,
M1,CY072855,Yes,7,987,H1N1,07/21/2009,IRD:Human,Nicaragua,-N/A-,-N/A-,A/Managua/3438.02/2009(H1N1),09/02/2010,
M1,CY039480,Yes,7,994,H1N1,06/25/2008,IRD:Human,Nicaragua,-N/A-,-N/A-,A/Managua/4086.02/2008(H1N1),06/19/2009,
M1,CY090058,No,7,987,H1N1,10/11/2009,IRD:Human,Nicaragua,-N/A-,-N/A-,A/Managua/4606.07/2009,05/16/2011,
M1,CY100967*,Yes,7,983,H1N1,09/03/2008,IRD:Human,Venezuela,-N/A-,-N/A-,A/Maracay/WRAIR1729P/2008(H1N1),12/14/2011,
M1,KC781381,No,7,982,H1N1,04/23/2010,IRD:Human,USA,Maryland,09-10,A/Maryland/06/2010,04/09/2013,
M1,KC781950,No,7,982,H1N1,09/03/2009,IRD:Human,USA,Maryland,08-09,A/Maryland/28/2009,04/09/2013,
M1,GQ168849,Yes,7,982,H1N1,04/26/2009,IRD:Human,USA,Massachusetts,08-09,A/Massachusetts/06/2009(H1N1),06/05/2009,
M1,GQ323449,No,7,982,H1N1,05/11/2009,IRD:Human,USA,Massachusetts,08-09,A/Massachusetts/11/2009(H1N1),07/09/2009,
M1,EU249233,No,7,982,H3N2,2006,IRD:Human,Germany,-N/A-,-N/A-,A/Mecklenburg-Vorpommern/4/2006(H3N2),08/13/2008,
M1,CY009325,Yes,7,1000,H1N1,1935,IRD:Human,Australia,-N/A-,-N/A-,A/Melbourne/1935(H1N1),07/27/2006,
M1,CY002497,Yes,7,1016,H3N2,1971,IRD:Human,USA,Tennessee,-N/A-,A/Memphis/1/71(H3N2),07/27/2006,
M1,CY019102,Yes,7,984,H1N1,1986,IRD:Human,USA,Tennessee,-N/A-,A/Memphis/12/1986(H1N1),03/13/2007,
M1,CY021006,Yes,7,986,H1N1,1996,IRD:Human,USA,Tennessee,-N/A-,A/Memphis/15/1996(H1N1),05/15/2007,
M1,CY006692,Yes,7,996,H3N2,1978,IRD:Human,USA,Tennessee,-N/A-,A/Memphis/2/78(H3N2),07/27/2006,
M1,CY019780,Yes,7,987,H1N1,1987,IRD:Human,USA,Tennessee,-N/A-,A/Memphis/4/1987(H1N1),05/15/2007,
M1,CY068891,No,7,1027,H3N2,2002,IRD:Human,USA,Tennessee,-N/A-,A/Memphis/4/2002(H3N2),10/28/2010,
M1,CY068893,No,7,1002,H3N2,2005,IRD:Human,USA,Tennessee,-N/A-,A/Memphis/5/2005(H3N2),10/28/2010,
M1,CY002089,Yes,7,1027,H3N2,1986,IRD:Human,USA,Tennessee,-N/A-,A/Memphis/66/86(H3N2),07/27/2006,
M1,M63516,Yes,7,1027,H3N2,1988,IRD:Human,USA,Tennessee,-N/A-,A/Memphis/8/1988,04/25/2012,
M1,CY100496,No,7,1027,H1N1,11/25/2009,IRD:Human,Mexico,-N/A-,-N/A-,A/Mexico City/INER15/2009,12/07/2012,
M1,CY097967,Yes,7,982,H1N1,12/22/2010,IRD:Human,Mexico,-N/A-,-N/A-,A/Mexico City/WRAIR3569N/2010,04/16/2012,
M1,GQ894938,Yes,7,982,H1N1,04/15/2009,IRD:Human,Mexico,-N/A-,-N/A-,A/Mexico/4269/2009(H1N1),09/16/2009,
M1,CY100557,Yes,7,1027,H3N2,2005,IRD:Human,Mexico,-N/A-,-N/A-,A/Mexico/InDRE2118/2005,12/07/2012,
M1,CY100565,Yes,7,1027,H3N2,2005,IRD:Human,Mexico,-N/A-,-N/A-,A/Mexico/InDRE2160/2005,12/07/2012,
M1,CY100605,Yes,7,1014,H3N2,01/16/2006,IRD:Human,Mexico,-N/A-,-N/A-,A/Mexico/InDRE29/2006,12/07/2012,
M1,CY125731,Yes,7,1027,H7N3,07/09/2012,IRD:Human,Mexico,-N/A-,-N/A-,A/Mexico/InDRE7218/2012,09/20/2012,
M1,EU716441,No,7,984,H3N2,04/18/2007,IRD:Human,USA,Michigan,06-07,A/Michigan/07/2007,04/03/2012,
M1,GQ475998,No,7,984,H1N1,01/16/2009,IRD:Human,USA,Minnesota,08-09,A/Minnesota/01/2009(H1N1),08/21/2009,
M1,KC535321,No,7,982,H3N2,05/04/2009,IRD:Human,USA,Minnesota,08-09,A/Minnesota/05/2009,03/18/2013,
M1,KC782240,Yes,7,982,H1N1,11/09/2009,IRD:Human,USA,Minnesota,09-10,A/Minnesota/40/2009,04/09/2013,
M1,GQ369861,No,7,982,H3N2,01/15/2008,IRD:Human,USA,Mississippi,07-08,A/Mississippi/04/2008(H3N2),07/28/2009,
M1,CY025892,Yes,7,984,H1N1,03/07/2007,IRD:Human,USA,Mississippi,06-07,A/Mississippi/UR06-0537/2007(H1N1),10/16/2007,
M1,CY036952,No,7,982,H3N2,02/11/2008,IRD:Human,USA,Mississippi,07-08,A/Mississippi/UR07-0004/2008(H3N2),01/06/2009,
M1,CY039416,Yes,7,982,H3N2,02/14/2008,IRD:Human,USA,Mississippi,07-08,A/Mississippi/UR07-0024/2008(H3N2),06/19/2009,
M1,GQ232068,No,7,982,H1N1,05/04/2009,IRD:Human,USA,Missouri,08-09,A/Missouri/03/2009(H1N1),06/11/2009,
M1,GQ385871,No,7,982,H3N2,03/03/2009,IRD:Human,USA,Montana,08-09,A/Montana/04/2009(H3N2),07/28/2009,
M1,JQ988026*,No,7,1022,H3N2,02/20/2009,IRD:Human,Russia,-N/A-,08-09,A/Moscow/24/2009,05/31/2012,
M1,DQ098269,No,7,1007,H3N2,2003,IRD:Human,Russia,-N/A-,-N/A-,A/Moscow/343/2003(H3N2),09/23/2009,
M1,HQ834749,Yes,7,995,H1N1,10/13/2010,IRD:Human,Russia,-N/A-,10-11,A/Moscow/IIV-33/2010,01/23/2011,
M1,JN129267,Yes,7,990,H1N1,01/22/2011,IRD:Human,Russia,-N/A-,10-11,A/Moscow/IIV-83/2011(H1N1),07/18/2011,
M1,JX978784,No,7,957,H3N2,03/19/2012,IRD:Human,Russia,-N/A-,11-12,A/Moscow/RII13/2012,11/20/2012,
M1,CY083251,Yes,7,982,H1N1,11/03/2009,IRD:Human,Russia,-N/A-,09-10,A/Moscow/WRAIR1627T/2009(H1N1),03/16/2011,
M1,CY098015,Yes,7,982,H1N1,02/02/2011,IRD:Human,Russia,-N/A-,10-11,A/Moscow/WRAIR4305N/2011,04/17/2012,
M1,CY088683*,Yes,7,988,H1N1,07/07/2009,IRD:Human,India,-N/A-,-N/A-,A/Mum/NIV398/2009(H1N1),09/16/2011,
M1,AY210046,No,7,982,H2N2,1964,IRD:Human,Japan,-N/A-,-N/A-,A/Murakami/4/64(H2N2),07/27/2006,
M1,FJ417400,No,7,982,H3N2,07/20/2006,IRD:Human,Kenya,-N/A-,-N/A-,A/Nairobi/2041/2006(H3N2),11/17/2008,
M1,CY016237,Yes,7,986,H1N1,1996,IRD:Human,China,-N/A-,-N/A-,A/Nanchang/11/1996(H1N1),10/31/2006,
M1,CY125013,Yes,7,999,H1N1,1999,IRD:Human,China,-N/A-,-N/A-,A/Nanchang/16A/1999,07/27/2012,
M1,HQ664934,Yes,7,1027,H3N2,09/10/2010,IRD:Human,China,-N/A-,-N/A-,A/Nanjing/1663/2010(H3N2),12/22/2010,
M1,CY006852,Yes,7,997,H3N2,1983,IRD:Human,China,-N/A-,-N/A-,A/Nanjing/36/1983,09/28/2012,
M1,CY006764,No,7,988,H3N2,1977,IRD:Human,China,-N/A-,-N/A-,A/Nanjing/49/77(H3N2),07/27/2006,
M1,GQ475721,No,7,984,H1N1,12/04/2008,IRD:Human,USA,Nebraska,08-09,A/Nebraska/07/2008(H1N1),08/21/2009,
M1,KC535379,No,7,982,H3N2,09/25/2009,IRD:Human,USA,Nebraska,08-09,A/Nebraska/21/2009,03/18/2013,
M1,CY077766,No,7,1011,H1N1,1949,IRD:Human,Netherlands,-N/A-,-N/A-,A/Netherlands/002K1/1949,12/22/2010,
M1,CY112598,Yes,7,999,H3N2,02/18/1993,IRD:Human,Netherlands,-N/A-,92-93,A/Netherlands/115/1993,04/06/2012,
M1,CY077808,Yes,7,1008,H3N2,1994,IRD:Human,Netherlands,-N/A-,-N/A-,A/Netherlands/18/1994,12/22/2010,
M1,AY340089,Yes,7,1027,H7N7,2003,IRD:Human,Netherlands,-N/A-,-N/A-,A/Netherlands/219/03(H7N7),07/27/2006,
M1,CY114438,Yes,7,1002,H3N2,04/01/1982,IRD:Human,Netherlands,-N/A-,81-82,A/Netherlands/233/1982,04/16/2012,
M1,CY112582,Yes,7,999,H3N2,11/22/1992,IRD:Human,Netherlands,-N/A-,92-93,A/Netherlands/3/1992,04/16/2012,
M1,CY114086,Yes,7,999,H3N2,11/27/1993,IRD:Human,Netherlands,-N/A-,93-94,A/Netherlands/398/1993,04/16/2012,
M1,KC780272,No,7,982,H1N1,05/24/2010,IRD:Human,USA,Nevada,09-10,A/Nevada/02/2010,04/09/2013,
M1,EU716520,No,7,984,H3N2,10/05/2007,IRD:Human,USA,Nevada,07-08,A/Nevada/05/2007,04/12/2012,
M1,DQ508860,Yes,7,985,H1N1,1999,IRD:Human,New Caledonia,-N/A-,-N/A-,A/New Caledonia/20/1999(H1N1),07/27/2006,
M1,CY016540,Yes,7,997,H3N2,1999,IRD:Human,Australia,-N/A-,-N/A-,A/New South Wales/15/1999(H3N2),10/31/2006,
M1,CY016109,Yes,7,987,H3N2,2000,IRD:Human,Australia,-N/A-,-N/A-,A/New South Wales/29/2000(H3N2),10/31/2006,
M1,KC780908,No,7,982,H1N1,11/01/2009,IRD:Human,USA,New York,09-10,A/New York/104/2009,04/09/2013,
M1,EU587373,No,7,984,H7N2,2003,IRD:Human,USA,New York,-N/A-,A/New York/107/2003(H7N2),06/18/2008,
M1,CY000538,Yes,7,1026,H3N2,03/05/2002,IRD:Human,USA,New York,01-02,A/New York/114/2002(H3N2),06/18/2008,
M1,CY001198,Yes,7,1026,H3N2,03/21/2002,IRD:Human,USA,New York,01-02,A/New York/122/2002,03/29/2012,
M1,CY000306,No,7,975,H3N2,11/27/2001,IRD:Human,USA,New York,01-02,A/New York/124/2001,03/29/2012,
M1,CY001521,Yes,7,1002,H3N2,02/06/2000,IRD:Human,USA,New York,99-00,A/New York/142/2000(H3N2),06/18/2008,
M1,CY001137,No,7,1008,H3N2,01/18/2000,IRD:Human,USA,New York,99-00,A/New York/152/2000,03/28/2012,
M1,CY000690,Yes,7,1027,H3N2,02/02/2000,IRD:Human,USA,New York,99-00,A/New York/173/2000(H3N2),06/18/2008,
M1,CY002521,Yes,7,1025,H3N2,08/16/2003,IRD:Human,USA,New York,-N/A-,A/New York/204/2003(H3N2),07/27/2006,
M1,CY001953,Yes,7,1027,H1N1,01/08/2001,IRD:Human,USA,New York,00-01,A/New York/205/2001(H1N1),07/27/2006,
M1,CY002617,No,7,1023,H1N1,02/27/2001,IRD:Human,USA,New York,00-01,A/New York/208/2001(H1N1),07/27/2006,
M1,CY006860,No,7,988,H3N2,04/23/2003,IRD:Human,USA,New York,02-03,A/New York/214/2003(H3N2),07/27/2006,
M1,CY002081,No,7,1027,H3N2,12/24/2004,IRD:Human,USA,New York,04-05,A/New York/244/2004(H3N2),07/27/2006,
M1,CY001689,Yes,7,1025,H3N2,02/02/1999,IRD:Human,USA,New York,98-99,A/New York/248/1999(H3N2),07/27/2006,
M1,CY001633,Yes,7,1027,H3N2,11/27/2003,IRD:Human,USA,New York,03-04,A/New York/268/2003,04/17/2012,
M1,CY001785,Yes,7,1025,H3N2,12/04/1998,IRD:Human,USA,New York,98-99,A/New York/289/1998(H3N2),07/27/2006,
M1,CY050485,No,7,985,H3N2,04/28/2009,IRD:Human,USA,New York,08-09,A/New York/3051/2009(H3N2),11/24/2009,
M1,CY001817,Yes,7,1027,H3N2,12/28/1998,IRD:Human,USA,New York,98-99,A/New York/313/1998(H3N2),07/27/2006,
M1,CY041155,No,7,987,H1N1,04/28/2009,IRD:Human,USA,New York,08-09,A/New York/3183/2009(H1N1),06/05/2009,
M1,CY050765,No,7,985,H1N1,04/29/2009,IRD:Human,USA,New York,08-09,A/New York/3315/2009(H1N1),11/24/2009,
M1,CY001913,Yes,7,1025,H3N2,02/24/1999,IRD:Human,USA,New York,98-99,A/New York/336/1999(H3N2),07/27/2006,
M1,CY002009,Yes,7,1027,H3N2,02/02/2005,IRD:Human,USA,New York,04-05,A/New York/361/2005(H3N2),07/27/2006,
M1,CY044926,Yes,7,985,H1N1,05/25/2009,IRD:Human,USA,New York,08-09,A/New York/3617/2009(H1N1),09/16/2009,
M1,CY044073,Yes,7,984,H1N1,05/26/2009,IRD:Human,USA,New York,08-09,A/New York/3702/2009(H1N1),08/09/2009,
M1,CY044990,Yes,7,987,H1N1,06/01/2009,IRD:Human,USA,New York,08-09,A/New York/3751/2009(H1N1),09/16/2009,
M1,CY002073,Yes,7,1027,H3N2,03/04/2005,IRD:Human,USA,New York,04-05,A/New York/396/2005(H3N2),07/27/2006,
M1,CY003457,Yes,7,1027,H3N2,01/23/2000,IRD:Human,USA,New York,99-00,A/New York/439/2000(H3N2),07/27/2006,
M1,CY006061,Yes,7,1027,H3N2,01/11/1999,IRD:Human,USA,New York,98-99,A/New York/452/1999(H3N2),07/27/2006,
M1,CY006077,Yes,7,1027,H3N2,02/02/2005,IRD:Human,USA,New York,04-05,A/New York/461/2005(H3N2),07/27/2006,
M1,CY006292,Yes,7,1027,H3N2,02/08/2005,IRD:Human,USA,New York,04-05,A/New York/462/2005(H3N2),07/27/2006,
M1,CY087034*,No,7,987,H1N1,07/15/2009,IRD:Human,USA,New York,08-09,A/New York/4631/2009(H1N1),03/11/2011,
M1,CY008877,No,7,987,H3N2,12/31/2003,IRD:Human,USA,New York,03-04,A/New York/474/2003(H3N2),07/27/2006,
M1,CY000082,Yes,7,1025,H3N2,12/09/2003,IRD:Human,USA,New York,03-04,A/New York/48/2003(H3N2),06/18/2008,
M1,CY003681,Yes,7,1027,H3N2,01/20/2003,IRD:Human,USA,New York,02-03,A/New York/485/2003(H3N2),07/27/2006,
M1,CY056428,Yes,7,987,H1N1,10/05/2009,IRD:Human,USA,New York,09-10,A/New York/4981/2009(H1N1),03/27/2010,
M1,CY006476,No,7,986,H3N2,01/05/1998,IRD:Human,USA,New York,97-98,A/New York/518/1998(H3N2),07/27/2006,
M1,CY006500,No,7,989,H3N2,01/19/1998,IRD:Human,USA,New York,97-98,A/New York/521/1998(H3N2),07/27/2006,
M1,CY006796,No,7,989,H3N2,03/15/1998,IRD:Human,USA,New York,97-98,A/New York/527/1998(H3N2),07/27/2006,
M1,CY057303,Yes,7,987,H1N1,10/22/2009,IRD:Human,USA,New York,09-10,A/New York/5297/2009(H1N1),03/30/2010,
M1,CY010605,No,7,977,H3N2,12/22/1996,IRD:Human,USA,New York,96-97,A/New York/561/1996(H3N2),10/31/2006,
M1,CY009997,No,7,988,H3N2,12/13/1996,IRD:Human,USA,New York,96-97,A/New York/562/1996(H3N2),07/27/2006,
M1,CY009685,No,7,988,H3N2,12/05/1996,IRD:Human,USA,New York,96-97,A/New York/580/1996(H3N2),07/27/2006,
M1,CY009741,Yes,7,995,H3N2,12/10/1996,IRD:Human,USA,New York,96-97,A/New York/590/1996(H3N2),07/27/2006,
M1,CY010501,Yes,7,1000,H1N1,12/08/1995,IRD:Human,USA,New York,95-96,A/New York/607/1995(H1N1),07/27/2006,
M1,GQ475970,No,7,984,H1N1,03/31/2009,IRD:Human,USA,New York,08-09,A/New York/63/2009(H1N1),08/21/2009,
M1,CY013280,Yes,7,1002,H1N1,12/11/1995,IRD:Human,USA,New York,95-96,A/New York/643/1995,03/28/2012,
M1,CY012449,No,7,977,H3N2,11/17/1994,IRD:Human,USA,New York,94-95,A/New York/655/1994(H3N2),10/03/2006,
M1,CY011497,No,7,977,H3N2,02/21/1995,IRD:Human,USA,New York,94-95,A/New York/658/1995(H3N2),10/03/2006,
M1,CY012465,Yes,7,982,H3N2,12/20/1994,IRD:Human,USA,New York,94-95,A/New York/663/1994(H3N2),10/03/2006,
M1,CY011881,No,7,988,H3N2,07/29/1994,IRD:Human,USA,New York,-N/A-,A/New York/715/1994(H3N2),10/03/2006,
M1,CY065068,Yes,7,987,H1N1,01/02/2010,IRD:Human,USA,New York,09-10,A/New York/7420/2010(H1N1),07/07/2010,
M1,CY012569,Yes,7,984,H3N2,02/21/1994,IRD:Human,USA,New York,93-94,A/New York/746/1994(H3N2),10/03/2006,
M1,CY012137,Yes,7,984,H3N2,03/08/1993,IRD:Human,USA,New York,92-93,A/New York/759/1993(H3N2),10/03/2006,
M1,CY012153,Yes,7,985,H3N2,03/03/1993,IRD:Human,USA,New York,92-93,A/New York/761/1993(H3N2),10/03/2006,
M1,CY001081,Yes,7,1025,H3N2,01/23/2002,IRD:Human,USA,New York,01-02,A/New York/99/2002,03/29/2012,
M1,CY071040,Yes,7,987,H1N1,06/01/2009,IRD:Human,USA,New York,08-09,A/New York/NHRC0003/2009(H1N1),09/02/2010,
M1,CY025644,Yes,7,984,H3N2,01/17/2007,IRD:Human,USA,New York,06-07,A/New York/UR06-0040/2007(H3N2),10/16/2007,
M1,CY026628,Yes,7,987,H1N1,02/07/2007,IRD:Human,USA,New York,06-07,A/New York/UR06-0199/2007(H1N1),01/18/2008,
M1,CY043508,Yes,7,1032,H1N1,01/19/2009,IRD:Human,Japan,-N/A-,08-09,A/Niigata/08F093/2009(H1N1),02/08/2010,
M1,GQ466373,No,7,984,H1N1,12/15/2008,IRD:Human,USA,North Carolina,08-09,A/North Carolina/07/2008(H1N1),08/17/2009,
M1,KC780402,No,7,982,H1N1,12/07/2009,IRD:Human,USA,North Carolina,09-10,A/North Carolina/56/2009,04/09/2013,
M1,KC781051,No,7,982,H1N1,10/07/2009,IRD:Human,USA,North Carolina,09-10,A/North Carolina/57/2009,04/09/2013,
M1,CY026860,Yes,7,982,H1N1,01/29/2007,IRD:Human,USA,North Carolina,06-07,A/North Carolina/UR06-0099/2007(H1N1),01/18/2008,
M1,GQ369881,No,7,982,H3N2,12/15/2008,IRD:Human,USA,North Dakota,08-09,A/North Dakota/02/2008(H3N2),07/28/2009,
M1,JX625953,Yes,7,982,H1N1,12/16/2010,IRD:Human,United Kingdom,-N/A-,10-11,A/Northern Ireland/05180459/2010,12/03/2012,
M1,JX978739,No,7,984,H3N2,03/06/2012,IRD:Human,Russia,-N/A-,11-12,A/Novosibirsk/RII25/2012,11/20/2012,
M1,L25814,No,7,1027,H1N1,1933,IRD:Human,United Kingdom,-N/A-,-N/A-,A/NWS/1933,04/02/2012,
M1,EU516161,No,7,984,H1N1,03/21/2006,IRD:Human,USA,Ohio,05-06,A/Ohio/04/2006(H1N1),06/25/2008,
M1,AY210032,No,7,982,H2N2,1959,IRD:Human,USA,Ohio,-N/A-,A/Ohio/2/59(H2N2),07/27/2006,
M1,CY027988,Yes,7,982,H1N1,02/26/2007,IRD:Human,USA,Ohio,06-07,A/Ohio/UR06-0411/2007(H1N1),01/17/2008,
M1,CY037496,Yes,7,986,H3N2,02/14/2008,IRD:Human,USA,Ohio,07-08,A/Ohio/UR07-0016/2008(H3N2),03/04/2009,
M1,CY036960,Yes,7,985,H3N2,02/19/2008,IRD:Human,USA,Ohio,07-08,A/Ohio/UR07-0043/2008(H3N2),01/06/2009,
M1,CY037576,No,7,985,H3N2,02/26/2008,IRD:Human,USA,Ohio,07-08,A/Ohio/UR07-0105/2008(H3N2),03/04/2009,
M1,GQ338379,No,7,982,H1N1,05/01/2009,IRD:Human,USA,Oklahoma,08-09,A/Oklahoma/03/2009(H1N1),07/03/2009,
M1,CY100791,Yes,7,983,H1N1,03/01/2009,IRD:Human,USA,Oklahoma,08-09,A/Oklahoma/WRAIR1110P/2009(H1N1),12/14/2011,
M1,EU399752,Yes,7,982,H3N2,2007,IRD:Human,Canada,-N/A-,-N/A-,A/Ontario/1252/2007(H3N2),03/17/2008,
M1,CY060681,Yes,7,1027,H1N1,11/04/2009,IRD:Human,Canada,-N/A-,09-10,A/Ontario/315107/2009(H1N1),04/14/2010,
M1,CY081096,Yes,7,1027,H1N1,2010,IRD:Human,Canada,-N/A-,-N/A-,A/Ontario/778873/2010,02/04/2011,
M1,DQ469961,Yes,7,982,H3N2,2005,IRD:Human,Canada,-N/A-,-N/A-,A/Ontario/RV1273/2005(H3N2),10/03/2006,
M1,KC535370,No,7,982,H3N2,09/03/2009,IRD:Human,USA,Oregon,08-09,A/Oregon/34/2009,03/18/2013,
M1,JN596862*,Yes,7,1060,H1N1,08/06/2009,IRD:Human,Russia,-N/A-,08-09,A/Orenburg/01/2009(H1N1),09/16/2011,
M1,GQ375889*,Yes,7,982,H1N1,2009,IRD:Human,Japan,-N/A-,-N/A-,A/Osaka/180/2009,07/28/2009,
M1,CY112646,Yes,7,999,H3N2,1997,IRD:Human,Norway,-N/A-,-N/A-,A/Oslo/244/1997,04/17/2012,
M1,AY210052,No,7,982,H2N2,1966,IRD:Human,Panama,-N/A-,-N/A-,A/Panama/1/66(H2N2),07/27/2006,
M1,CY112501,Yes,7,999,H3N2,12/01/1991,IRD:Human,France,-N/A-,91-92,A/Paris/490/1991,04/17/2012,
M1,EU716549,No,7,984,H1N1,01/02/2008,IRD:Human,USA,Pennsylvania,07-08,A/Pennsylvania/01/2008,03/29/2012,
M1,KC780363,No,7,982,H1N1,01/17/2010,IRD:Human,USA,Pennsylvania,09-10,A/Pennsylvania/01/2010,04/09/2013,
M1,JQ988029*,No,7,1023,H3N2,03/24/2008,IRD:Human,Russia,-N/A-,07-08,A/Penza/55/2008,05/31/2012,
M1,CY070155,Yes,7,982,H1N1,2007,IRD:Human,Peru,-N/A-,-N/A-,A/Peru/WRAIR1509P/2007(H1N1),08/20/2010,
M1,CY020470,No,7,983,H1N1,1935,IRD:Human,USA,Pennsylvania,-N/A-,A/Phila/1935(H1N1),05/15/2007,
M1,AF348912,No,7,979,H3N2,1982,IRD:Human,Philippines,-N/A-,-N/A-,A/Philippines/2/82(H3N2),07/27/2006,
M1,AF348913,No,7,979,H3N2,1982,IRD:Human,Philippines,-N/A-,-N/A-,A/Philippines/2/82(H3N2),07/27/2006,
M1,EF101742,No,7,1007,H1N2,02/27/2004,IRD:Human,Philippines,-N/A-,-N/A-,A/Philippines/344/2004(H1N2),09/12/2007,
M1,JN566144,No,7,988,H1N1,11/11/2010,IRD:Human,Philippines,-N/A-,-N/A-,A/Philippines/TMC10-135/2010,12/14/2011,
M1,AY210049,No,7,982,H2N2,1965,IRD:Human,USA,Pennsylvania,-N/A-,A/Pittsburgh/2/65(H2N2),07/27/2006,
M1,X08090,No,7,982,H3N2,1973,IRD:Human,New Zealand,-N/A-,-N/A-,A/Port Chalmers/1/1973-mouse adapted,04/17/2012,
M1,CY009445,Yes,7,1000,H1N1,1934,IRD:Human,Puerto Rico,-N/A-,-N/A-,A/Puerto Rico/8/34(H1N1),07/27/2006,
M1,AF389121,Yes,7,1027,H1N1,1934,IRD:Human,Puerto Rico,-N/A-,-N/A-,A/Puerto Rico/8/34/Mount Sinai(H1N1),07/27/2006,
M1,FN434463,Yes,7,982,H1N1,2009,IRD:Human,Canada,-N/A-,-N/A-,A/Quebec/144147/2009,09/20/2012,
M1,CY017918,Yes,7,992,H3N2,08/12/2002,IRD:Human,Australia,-N/A-,-N/A-,A/Queensland/28/2002(H3N2),01/16/2007,
M1,CY017572,Yes,7,982,H3N2,08/10/2003,IRD:Human,Australia,-N/A-,-N/A-,A/Queensland/36/2003(H3N2),01/16/2007,
M1,CY017974,Yes,7,993,H3N2,10/09/2004,IRD:Human,Australia,-N/A-,-N/A-,A/Queensland/46/2004(H3N2),01/16/2007,
M1,KC197849,No,7,985,H3N2,12/29/2003,IRD:Human,Sri Lanka,-N/A-,-N/A-,A/Ragama/166/2003,04/04/2013,
M1,JQ431224,Yes,7,982,H1N1,08/19/2009,IRD:Human,France,-N/A-,08-09,A/Reunion/0148-6-M1E/2009,09/17/2012,
M1,EU249193,No,7,982,H3N2,2003,IRD:Human,Germany,-N/A-,-N/A-,A/Rheinland-Pfalz/3906/2003(H3N2),08/13/2008,
M1,GQ323452,No,7,982,H1N1,04/30/2009,IRD:Human,USA,Rhode Island,08-09,A/Rhode Island/03/2009(H1N1),07/09/2009,
M1,CY129536,No,7,1003,H1N1,03/18/2011,IRD:Human,USA,New York,10-11,A/Rochester/INS599/2011,01/14/2013,
M1,EU249195,No,7,982,H3N2,2003,IRD:Human,Germany,-N/A-,-N/A-,A/Sachsen/103/2003(H3N2),08/13/2008,
M1,JX978736,No,7,970,H3N2,02/14/2012,IRD:Human,Russia,-N/A-,11-12,A/Saint Petersburg/RII09/2012,11/20/2012,
M1,CY091603,No,7,989,H1N1,02/07/2011,IRD:Human,Russia,-N/A-,10-11,A/Saint-Petersburg/RII45/2011,06/06/2011,
M1,CY061252,Yes,7,987,H1N1,10/20/2009,IRD:Human,USA,California,09-10,A/San Diego/INS104/2009(H1N1),04/21/2010,
M1,AJ458306*,Yes,7,1028,H3N2,1996,IRD:Human,South Africa,-N/A-,-N/A-,A/Sauth Africa/1147/96(H3N2),04/17/2012,
M1,CY107235,No,7,982,H1N1,11/12/2009,IRD:Human,United Kingdom,-N/A-,09-10,A/Scotland/Aberdeen_12/2009,06/01/2012,
M1,CY107336,No,7,982,H1N1,10/15/2009,IRD:Human,United Kingdom,-N/A-,09-10,A/Scotland/Dundee_09V500199/2009,05/30/2012,
M1,AB441998,No,7,1029,H3N2,2007,IRD:Human,Japan,-N/A-,-N/A-,A/Sendai-H/271/2007,12/01/2010,
M1,JN631059,No,7,982,H1N1,07/21/2009,IRD:Human,China,-N/A-,-N/A-,A/Shanghai/1195T/2009,04/17/2012,
M1,CY095759,No,7,982,H1N1,06/09/2009,IRD:Human,China,-N/A-,-N/A-,A/Shenzhen/25/2009,04/25/2012,
M1,CY095773,No,7,982,H1N1,06/09/2009,IRD:Human,China,-N/A-,-N/A-,A/Shenzhen/37/2009,04/25/2012,
M1,CY095799,No,7,982,H1N1,06/09/2009,IRD:Human,China,-N/A-,-N/A-,A/Shenzhen/44/2009,04/25/2012,
M1,CY036832,Yes,7,986,H3N2,12/17/1991,IRD:Human,Italy,-N/A-,91-92,A/Siena/1/1991(H3N2),01/06/2009,
M1,CY036824,Yes,7,986,H1N1,01/03/1989,IRD:Human,Italy,-N/A-,88-89,A/Siena/10/1989(H1N1),01/07/2009,
M1,CY035215,Yes,7,986,H3N2,01/18/1990,IRD:Human,Italy,-N/A-,89-90,A/Siena/10/1990(H3N2),10/20/2008,
M1,CY043729,Yes,7,986,H3N2,12/19/1991,IRD:Human,Italy,-N/A-,91-92,A/Siena/3/1991(H3N2),08/09/2009,
M1,JX437728,Yes,7,1027,H3N2,04/21/2010,IRD:Human,Singapore,-N/A-,-N/A-,A/Singapore/C2010.304V/2010,09/07/2012,
M1,CY124511,Yes,7,1027,H1N1,01/28/2011,IRD:Human,Singapore,-N/A-,-N/A-,A/Singapore/CGH02/2011,07/09/2012,
M1,JX309565,No,7,1027,H1N1,06/18/2010,IRD:Human,Singapore,-N/A-,-N/A-,A/Singapore/EN107/2010,08/16/2012,
M1,CY122598,Yes,7,1027,H1N1,07/06/2009,IRD:Human,Singapore,-N/A-,-N/A-,A/Singapore/GP1094/2009,07/09/2012,
M1,JX308980,No,7,1027,H1N1,01/11/2010,IRD:Human,Singapore,-N/A-,-N/A-,A/Singapore/GP155/2010,08/16/2012,
M1,CY063757,Yes,7,1021,H1N1,08/18/2009,IRD:Human,Singapore,-N/A-,-N/A-,A/Singapore/GP3084/2009(H1N1),06/01/2010,
M1,CY123157,Yes,7,1027,H1N1,09/11/2009,IRD:Human,Singapore,-N/A-,-N/A-,A/Singapore/GP3545/2009,07/09/2012,
M1,JX309878,Yes,7,1027,H1N1,10/13/2010,IRD:Human,Singapore,-N/A-,-N/A-,A/Singapore/GP4307/2010,08/16/2012,
M1,CY123289,No,7,1027,H1N1,11/25/2009,IRD:Human,Singapore,-N/A-,-N/A-,A/Singapore/GP4539/2009,07/09/2012,
M1,JX309949,No,7,1021,H1N1,12/29/2010,IRD:Human,Singapore,-N/A-,-N/A-,A/Singapore/GP4660/2010(H1N1),08/16/2012,
M1,CY124577,Yes,7,1021,H1N1,02/16/2011,IRD:Human,Singapore,-N/A-,-N/A-,A/Singapore/GP582/2011,07/09/2012,
M1,CY124673,No,7,1027,H1N1,03/30/2011,IRD:Human,Singapore,-N/A-,-N/A-,A/Singapore/GP892/2011,07/09/2012,
M1,JX309252,No,7,1027,H1N1,03/19/2010,IRD:Human,Singapore,-N/A-,-N/A-,A/Singapore/KK103/2010,08/16/2012,
M1,CY123385,Yes,7,1027,H1N1,07/13/2009,IRD:Human,Singapore,-N/A-,-N/A-,A/Singapore/ON1063/2009,07/09/2012,
M1,CY123748,Yes,7,1027,H1N1,09/14/2009,IRD:Human,Singapore,-N/A-,-N/A-,A/Singapore/ON2081/2009,07/09/2012,
M1,CY123792,No,7,1027,H1N1,10/01/2009,IRD:Human,Singapore,-N/A-,-N/A-,A/Singapore/ON2168/2009,07/09/2012,
M1,CY124767,No,7,1027,H1N1,02/10/2011,IRD:Human,Singapore,-N/A-,-N/A-,A/Singapore/TT127/2011,07/09/2012,
M1,CY124804,Yes,7,1021,H1N1,04/11/2011,IRD:Human,Singapore,-N/A-,-N/A-,A/Singapore/TT198/2011,07/09/2012,
M1,CY020014,Yes,7,991,H3N2,2000,IRD:Human,Australia,-N/A-,-N/A-,A/South Australia/49/2000(H3N2),05/15/2007,
M1,CY016692,Yes,7,983,H1N1,2005,IRD:Human,Australia,-N/A-,-N/A-,A/South Australia/57/2005(H1N1),10/31/2006,
M1,CY009173,Yes,7,1000,H1N1,08/29/2000,IRD:Human,New Zealand,-N/A-,-N/A-,A/South Canterbury/50/2000(H1N1),07/27/2006,
M1,EU716564,Yes,7,984,H1N1,07/17/2007,IRD:Human,USA,South Dakota,-N/A-,A/South Dakota/06/2007,04/03/2012,
M1,GQ475615,Yes,7,984,H1N1,07/17/2007,IRD:Human,USA,South Dakota,-N/A-,A/South Dakota/06/2007(H1N1),08/21/2009,
M1,AJ458305,No,7,1028,H3N2,1998,IRD:Human,Sri Lanka,-N/A-,-N/A-,A/Sri Lanka/9/98(H3N2),04/17/2012,
M1,CY035127,Yes,7,984,H1N1,2006,IRD:Human,Russia,-N/A-,-N/A-,A/St. Petersburg/8/2006(H1N1),10/20/2008,
M1,GQ359767,No,7,1030,H1N1,05/29/2009,IRD:Human,Sweden,-N/A-,08-09,A/Stockholm/31/2009(H1N1),07/10/2009,
M1,GQ365365,No,7,1040,H1N1,05/29/2009,IRD:Human,Sweden,-N/A-,08-09,A/Stockholm/36/2009(H1N1),07/10/2009,
M1,CY093134,Yes,7,987,H1N1,07/23/2010,IRD:Human,Australia,-N/A-,-N/A-,A/Sydney/DD3-11/2010,07/27/2011,
M1,CY092511,Yes,7,987,H1N1,08/27/2010,IRD:Human,Australia,-N/A-,-N/A-,A/Sydney/DD3-12/2010(H1N1),07/11/2011,
M1,CY092591,Yes,7,987,H1N1,10/12/2010,IRD:Human,Australia,-N/A-,-N/A-,A/Sydney/DD3-26/2010,07/11/2011,
M1,CY092394,Yes,7,987,H1N1,10/06/2010,IRD:Human,Australia,-N/A-,-N/A-,A/Sydney/DD3-32/2010,07/11/2011,
M1,CY092849,Yes,7,987,H1N1,10/03/2010,IRD:Human,Australia,-N/A-,-N/A-,A/Sydney/DD3-57/2010,07/18/2011,
M1,CY008213,Yes,7,995,H3N2,09/18/2004,IRD:Human,New Zealand,-N/A-,-N/A-,A/Tairawhiti/223/2004(H3N2),07/27/2006,
M1,AY210062,No,7,982,H2N2,1967,IRD:Human,Taiwan,-N/A-,-N/A-,A/Taiwan/1/67(H2N2),07/27/2006,
M1,CY040155,Yes,7,986,H1N1,01/05/2002,IRD:Human,Taiwan,-N/A-,-N/A-,A/Taiwan/123/2002(H1N1),05/26/2009,
M1,CY053485,No,7,1008,H1N1,09/18/2009,IRD:Human,Taiwan,-N/A-,-N/A-,A/Taiwan/156/2009(H1N1),12/23/2009,
M1,AY210260,No,7,982,H3N2,1970,IRD:Human,Taiwan,-N/A-,-N/A-,A/Taiwan/2/70(H3N2),07/27/2006,
M1,DQ249266,No,7,1027,H3N2,2001,IRD:Human,Taiwan,-N/A-,-N/A-,A/Taiwan/2332/2001(H3N2),07/27/2006,
M1,JN187318,Yes,7,982,H1N1,01/17/2011,IRD:Human,Taiwan,-N/A-,-N/A-,A/Taiwan/2649/2011,01/25/2012,
M1,JN187325,Yes,7,982,H1N1,02/01/2011,IRD:Human,Taiwan,-N/A-,-N/A-,A/Taiwan/2883/2011,01/25/2012,
M1,DQ249267,No,7,1027,H1N1,2002,IRD:Human,Taiwan,-N/A-,-N/A-,A/Taiwan/2984/2002(H1N1),07/27/2006,
M1,AY210263,No,7,982,H3N2,1971,IRD:Human,Taiwan,-N/A-,-N/A-,A/Taiwan/3/71(H3N2),07/27/2006,
M1,DQ249268,No,7,1027,H3N2,2004,IRD:Human,Taiwan,-N/A-,-N/A-,A/Taiwan/31001/2004(H3N2),07/27/2006,
M1,CY050086,Yes,7,982,H1N1,07/10/2009,IRD:Human,Taiwan,-N/A-,-N/A-,A/Taiwan/T0826/2009(H1N1),11/19/2009,
M1,CY104309,Yes,7,999,H1N1,07/10/2006,IRD:Human,Viet Nam,-N/A-,-N/A-,A/TayNguyen/TN161/2006,04/25/2012,
M1,CY105391,Yes,7,999,H3N2,08/18/2005,IRD:Human,Viet Nam,-N/A-,-N/A-,A/TayNguyen/TN363/2005,04/17/2012,
M1,CY063052,Yes,7,987,H1N1,12/15/2009,IRD:Human,Belgium,-N/A-,09-10,A/Tessenderlo/INS191/2009(H1N1),05/17/2010,
M1,GQ385934,No,7,982,H3N2,01/26/2009,IRD:Human,USA,Texas,08-09,A/Texas/02/2009(H3N2),07/28/2009,
M1,CY120993,Yes,7,1002,H3N2,1977,IRD:Human,USA,Texas,-N/A-,A/Texas/1/1977,07/09/2012,
M1,GQ475818,No,7,982,H1N1,08/20/2008,IRD:Human,USA,Texas,-N/A-,A/Texas/11/2008(H1N1),08/21/2009,
M1,GQ475767,No,7,984,H1N1,11/06/2008,IRD:Human,USA,Texas,08-09,A/Texas/18/2008(H1N1),08/21/2009,
M1,EU516157,No,7,984,H1N1,10/15/2007,IRD:Human,USA,Texas,07-08,A/Texas/41/2007(H1N1),06/25/2008,
M1,CY051840,Yes,7,987,H1N1,06/12/2009,IRD:Human,USA,Texas,08-09,A/Texas/42123701/2009(H1N1),02/08/2010,
M1,CY052211,Yes,7,987,H1N1,06/16/2009,IRD:Human,USA,Texas,08-09,A/Texas/42163291/2009(H1N1),02/08/2010,
M1,CY052368,Yes,7,987,H1N1,07/27/2009,IRD:Human,USA,Texas,08-09,A/Texas/43272683/2009(H1N1),02/09/2010,
M1,CY052488,Yes,7,987,H1N1,09/12/2009,IRD:Human,USA,Texas,08-09,A/Texas/45122036/2009(H1N1),02/09/2010,
M1,CY060828,Yes,7,987,H1N1,10/24/2009,IRD:Human,USA,Texas,09-10,A/Texas/46240925/2009(H1N1),04/21/2010,
M1,KC782267,No,7,982,H1N1,08/12/2009,IRD:Human,USA,Texas,08-09,A/Texas/57/2009,04/09/2013,
M1,EU716450,No,7,984,H3N2,11/14/2007,IRD:Human,USA,Texas,07-08,A/Texas/68/2007,04/17/2012,
M1,EU716480,No,7,984,H3N2,12/11/2007,IRD:Human,USA,Texas,07-08,A/Texas/95/2007,04/17/2012,
M1,CY134853,Yes,7,993,H3N2,11/24/2012,IRD:Human,USA,Texas,12-13,A/Texas/JMM_18/2012,03/18/2013,
M1,CY135109,Yes,7,1003,H1N1,12/06/2012,IRD:Human,USA,Texas,12-13,A/Texas/JMM_52/2012,03/18/2013,
M1,CY060900,Yes,7,987,H1N1,11/08/2009,IRD:Human,USA,Texas,09-10,A/Texas/JMS365/2009(H1N1),04/21/2010,
M1,CY060908,Yes,7,987,H1N1,11/13/2009,IRD:Human,USA,Texas,09-10,A/Texas/JMS369/2009(H1N1),04/21/2010,
M1,CY025270,Yes,7,987,H1N1,03/05/2007,IRD:Human,USA,Texas,06-07,A/Texas/UR06-0502/2007(H1N1),10/16/2007,
M1,AY626144,Yes,7,1039,H5N1,2004,IRD:Human,Thailand,-N/A-,-N/A-,A/Thailand/1(KAN-1)/2004(H5N1),07/27/2006,
M1,AY627893,Yes,7,1029,H5N1,2004,IRD:Human,Thailand,-N/A-,-N/A-,A/Thailand/2(SP-33)/2004(H5N1),07/27/2006,
M1,EF101750,No,7,994,H1N1,07/14/2005,IRD:Human,Thailand,-N/A-,-N/A-,A/Thailand/271/2005(H1N1),09/12/2007,
M1,AB501559,No,7,957,H3N2,2008,IRD:Human,Thailand,-N/A-,-N/A-,A/Thailand/315/2008(H3N2),11/24/2009,
M1,AB501514,No,7,946,H1N1,2006,IRD:Human,Thailand,-N/A-,-N/A-,A/Thailand/334/2006(H1N1),11/29/2009,
M1,AB501518,No,7,957,H1N1,2006,IRD:Human,Thailand,-N/A-,-N/A-,A/Thailand/348/2006(H1N1),11/29/2009,
M1,AY627887,Yes,7,1028,H5N1,2004,IRD:Human,Thailand,-N/A-,-N/A-,A/Thailand/5(KK-494)/2004(H5N1),07/27/2006,
M1,CY031345,No,7,967,H1N1,11/27/2006,IRD:Human,Thailand,-N/A-,-N/A-,A/Thailand/798/2006(H1N1),07/15/2008,
M1,GQ866954,Yes,7,1032,H1N1,06/13/2009,IRD:Human,Thailand,-N/A-,-N/A-,A/Thailand/CU-B5/2009(H1N1),09/16/2009,
M1,CY080342,Yes,7,982,H1N1,03/31/2010,IRD:Human,Thailand,-N/A-,-N/A-,A/Thailand/CU-H1821/2010(H1N1),01/14/2013,
M1,CY088804,Yes,7,982,H1N1,08/17/2010,IRD:Human,Thailand,-N/A-,-N/A-,A/Thailand/CU-H2176/2010(H1N1),01/14/2013,
M1,GU183818*,Yes,7,991,H1N1,07/16/2009,IRD:Human,Thailand,-N/A-,-N/A-,A/Thailand/CU-H223/2009(H1N1),04/05/2010,
M1,CY088811,Yes,7,982,H1N1,08/31/2010,IRD:Human,Thailand,-N/A-,-N/A-,A/Thailand/CU-H2283/2010(H1N1),01/14/2013,
M1,GQ866962,Yes,7,1023,H1N1,06/17/2009,IRD:Human,Thailand,-N/A-,-N/A-,A/Thailand/CU-H9/2009(H1N1),09/16/2009,
M1,FJ912905*,No,7,1023,H3N2,2006,IRD:Human,Thailand,-N/A-,-N/A-,A/Thailand/CU23/2006(H3N2),04/05/2010,
M1,FJ912953*,Yes,7,1027,H3N2,2006,IRD:Human,Thailand,-N/A-,-N/A-,A/Thailand/CU231/2006(H3N2),04/05/2010,
M1,FJ912929,Yes,7,1000,H1N1,2006,IRD:Human,Thailand,-N/A-,-N/A-,A/Thailand/CU51/2006(H1N1),04/12/2010,
M1,CY080318,Yes,7,982,H1N1,01/18/2010,IRD:Human,Thailand,-N/A-,-N/A-,A/Thailand/H1255/2010,01/14/2013,
M1,DQ885619,No,7,894,H5N1,2005,IRD:Human,Thailand,-N/A-,-N/A-,A/Thailand/M38/2005(H5N1),12/31/2008,
M1,AJ458307*,No,7,1028,H3N2,1997,IRD:Human,Greece,-N/A-,-N/A-,A/Thessalonika/12/97(H3N2),04/17/2012,
M1,EU249209,No,7,982,H3N2,2004,IRD:Human,Germany,-N/A-,-N/A-,A/Thueringen/27/2004(H3N2),08/13/2008,
M1,EU249186,No,7,982,H3N2,2002,IRD:Human,Germany,-N/A-,-N/A-,A/Thueringen/7/2002(H3N2),08/13/2008,
M1,CY020574,No,7,986,H1N1,1977,IRD:Human,China,-N/A-,-N/A-,A/Tientsin/78/1977(H1N1),05/15/2007,
M1,AY210059,No,7,982,H2N2,1967,IRD:Human,Japan,-N/A-,-N/A-,A/Tokyo/3/67(H2N2),07/27/2006,
M1,GU211244,Yes,7,1026,H1N1,2009,IRD:Human,Russia,-N/A-,-N/A-,A/Tomsk/02/2009(H1N1),11/24/2009,
M1,DQ415349,Yes,7,982,H1N1,1996,IRD:Human,Taiwan,-N/A-,-N/A-,A/TW/130/96(H1N1),10/31/2006,
M1,AX350196,Yes,7,1027,H3N2,1972,IRD:Human,Russia,-N/A-,-N/A-,A/Udorn/307/1972(H3N2),07/27/2006,
M1,CY087452,No,7,1027,H3N2,11/10/2008,IRD:Human,Uganda,-N/A-,-N/A-,A/Uganda/MUWRP-020/2008,12/14/2011,
M1,M54941,Yes,7,1027,H1N1,1977,IRD:Human,Russia,-N/A-,-N/A-,A/USSR/90/1977(H1N1),06/18/2008,
M1,CY009285,Yes,7,1000,H1N1,1977,IRD:Human,Russia,-N/A-,-N/A-,A/USSR/92/77(H1N1),07/27/2006,
M1,KC780409,No,7,982,H1N1,01/01/2010,IRD:Human,USA,Utah,09-10,A/Utah/01/2010,04/09/2013,
M1,KC780278,No,7,982,H1N1,07/16/2009,IRD:Human,USA,Utah,08-09,A/Utah/41/2009,04/09/2013,
M1,KC780813,No,7,982,H1N1,11/18/2009,IRD:Human,USA,Utah,09-10,A/Utah/57/2009,04/09/2013,
M1,CY088648,Yes,7,983,H1N1,04/03/2010,IRD:Human,India,-N/A-,-N/A-,A/Vadu/NIV1043725/2010,08/23/2011,
M1,GQ369907,No,7,982,H3N2,02/01/2008,IRD:Human,USA,Vermont,07-08,A/Vermont/02/2008(H3N2),07/28/2009,
M1,KC780714,No,7,982,H1N1,10/08/2009,IRD:Human,USA,Vermont,09-10,A/Vermont/20/2009,04/09/2013,
M1,CY025868,Yes,7,982,H3N2,03/02/2007,IRD:Human,USA,Vermont,06-07,A/Vermont/UR06-0483/2007(H3N2),10/16/2007,
M1,DQ094266,No,7,998,H5N1,2004,IRD:Human,Viet Nam,-N/A-,-N/A-,A/Viet Nam/DN-33/2004(H5N1),07/27/2006,
M1,DQ535725,No,7,982,H5N1,2005,IRD:Human,Viet Nam,-N/A-,-N/A-,A/Vietnam/PEV16T/2005(H5N1),12/31/2008,
M1,HM114460,No,7,979,H5N1,12/29/2003,IRD:Human,Viet Nam,-N/A-,-N/A-,A/Vietnam/UT3028II/2003(H5N1),10/14/2010,
M1,HM114572,Yes,7,982,H5N1,06/19/2007,IRD:Human,Viet Nam,-N/A-,-N/A-,A/Vietnam/UT31244III/2007(H5N1),10/14/2010,
M1,HM114596,No,7,982,H5N1,01/17/2008,IRD:Human,Viet Nam,-N/A-,-N/A-,A/Vietnam/UT31394II/2008(H5N1),09/24/2010,
M1,GQ475726,No,7,984,H1N1,12/19/2008,IRD:Human,USA,Virginia,08-09,A/Virginia/07/2008(H1N1),08/21/2009,
M1,EU100622,No,7,1027,H1N1,01/17/2006,IRD:Human,USA,Virginia,05-06,A/Virginia/1/2006(H1N1),06/18/2008,
M1,KC781629,No,7,982,H1N1,08/27/2009,IRD:Human,USA,Virginia,08-09,A/Virginia/19/2009,04/09/2013,
M1,CY027756,Yes,7,999,H1N1,01/30/2007,IRD:Human,USA,Virginia,06-07,A/Virginia/UR06-0114/2007(H1N1),01/02/2008,
M1,CY072295,Yes,7,987,H1N1,12/07/2009,IRD:Human,Poland,-N/A-,09-10,A/Warsaw/INS314/2009(H1N1),09/02/2010,
M1,CY083699,No,7,1003,mixed,12/07/2009,IRD:Human,Poland,-N/A-,09-10,A/Warsaw/INS99/2009(mixed),03/03/2011,
M1,GQ475967,No,7,984,H1N1,01/01/2009,IRD:Human,USA,Washington,08-09,A/Washington/01/2009(H1N1),08/21/2009,
M1,KC781291,Yes,7,982,H1N1,04/02/2010,IRD:Human,USA,Washington,09-10,A/Washington/01/2010,04/09/2013,
M1,EU716552,No,7,984,H1N1,11/06/2007,IRD:Human,USA,Washington,07-08,A/Washington/28/2007,04/17/2012,
M1,KC781672,No,7,982,H1N1,07/28/2009,IRD:Human,USA,Washington,08-09,A/Washington/29/2009,04/09/2013,
M1,CY009453,No,7,1000,H1N1,1943,IRD:Human,USA,Unknown,-N/A-,A/Weiss/43(H1N1),07/27/2006,
M1,CY019990,Yes,7,997,H3N2,09/19/2000,IRD:Human,New Zealand,-N/A-,-N/A-,A/Wellington/21/2000(H3N2),05/15/2007,
M1,CY013896,Yes,7,995,H3N2,2000,IRD:Human,New Zealand,-N/A-,-N/A-,A/Wellington/26/2000(H3N2),03/30/2012,
M1,CY011013,No,7,975,H1N1,07/24/2000,IRD:Human,New Zealand,-N/A-,-N/A-,A/Wellington/5/2000,04/17/2012,
M1,CY015741,Yes,7,984,H3N2,08/19/2002,IRD:Human,Australia,-N/A-,-N/A-,A/Western Australia/30/2002(H3N2),10/31/2006,
M1,CY017798,Yes,7,997,H3N2,09/15/2003,IRD:Human,Australia,-N/A-,-N/A-,A/Western Australia/49/2003(H3N2),01/16/2007,
M1,CY020006,Yes,7,997,H3N2,10/20/2005,IRD:Human,Australia,-N/A-,-N/A-,A/Western Australia/71/2005(H3N2),05/15/2007,
M1,CY009605,Yes,7,1000,H1N1,1933,IRD:Human,United Kingdom,-N/A-,-N/A-,A/Wilson-Smith/1933(H1N1),07/27/2006,
M1,GQ895029,No,7,983,H3N2,01/07/2009,IRD:Human,USA,Wisconsin,08-09,A/Wisconsin/03/2009(H3N2),09/21/2009,
M1,GQ369918,No,7,982,H3N2,02/04/2008,IRD:Human,USA,Wisconsin,07-08,A/Wisconsin/07/2008(H3N2),07/28/2009,
M1,AF342818,No,7,1027,H1N1,1998,IRD:Human,USA,Wisconsin,-N/A-,A/Wisconsin/10/98(H1N1),07/27/2006,
M1,CY121042,No,7,1003,H3N2,2009,IRD:Human,USA,Wisconsin,-N/A-,A/Wisconsin/15/2009,07/09/2012,
M1,M63521,No,7,1027,H1N1,1988,IRD:Human,USA,Wisconsin,-N/A-,A/Wisconsin/3523/1988,04/25/2012,
M1,CY057951,Yes,7,987,H1N1,11/27/2009,IRD:Human,USA,Wisconsin,09-10,A/Wisconsin/629-D00050/2009(H1N1),03/29/2010,
M1,CY051216,Yes,7,982,H1N1,06/30/2009,IRD:Human,USA,Wisconsin,08-09,A/Wisconsin/629-D02292/2009(H1N1),11/24/2009,
M1,CY057759,Yes,7,987,H1N1,11/05/2009,IRD:Human,USA,Wisconsin,09-10,A/Wisconsin/629-D02370/2009(H1N1),03/29/2010,
M1,CY063236,Yes,7,982,H1N1,10/12/2009,IRD:Human,USA,Wisconsin,09-10,A/Wisconsin/629-D02442/2009(H1N1),05/14/2010,
M1,D10598,No,7,900,H1N1,1933,IRD:Human,United Kingdom,-N/A-,-N/A-,A/WSN,04/17/2012,
M1,M19374,Yes,7,1012,H1N1,1933,IRD:Human,United Kingdom,-N/A-,-N/A-,A/WSN/1933,03/29/2012,
M1,X08088,Yes,7,982,H1N1,1933,IRD:Human,United Kingdom,-N/A-,-N/A-,A/WSN/33,04/17/2012,
M1,AJ458339*,Yes,7,1028,H3N2,1995,IRD:Human,China,-N/A-,-N/A-,A/Wuhan/359/95(H3N2),05/05/2012,
M1,DQ849011,Yes,7,1013,H3N2,2003,IRD:Human,USA,Wyoming,-N/A-,A/Wyoming/03/2003(H3N2),01/17/2008,
M1,AB126629,No,7,1003,H1N2,2002,IRD:Human,Japan,-N/A-,-N/A-,A/Yokohama/22/2002(H1N2),02/23/2009,
M1,CY032970,Yes,7,984,H3N2,03/20/2003,IRD:Human,Mexico,-N/A-,-N/A-,A/Yucatan/ME6057/2003(H3N2),11/05/2008,
M1,CY095743,No,7,982,H1N1,07/09/2009,IRD:Human,China,-N/A-,-N/A-,A/Zhejiang/11/2009,05/05/2012,
M1,GQ293079,Yes,7,999,H1N1,05/31/2009,IRD:Human,China,-N/A-,-N/A-,A/Zhejiang/2/2009(H1N1),06/25/2009,
M1,CY095901,No,7,982,H1N1,11/2009,IRD:Human,China,-N/A-,-N/A-,A/Zhejiang/79/2009,04/17/2012,
M1,CY095915,No,7,982,H1N1,11/2009,IRD:Human,China,-N/A-,-N/A-,A/Zhejiang/80/2009,04/17/2012,
M1,CY095938,Yes,7,982,H1N1,10/11/2009,IRD:Human,China,-N/A-,-N/A-,A/Zhejiang/83/2009,04/17/2012,
M1,CY095952,No,7,982,H1N1,10/11/2009,IRD:Human,China,-N/A-,-N/A-,A/Zhejiang/85/2009,04/17/2012,
M1,CY095974,Yes,7,982,H1N1,10/11/2009,IRD:Human,China,-N/A-,-N/A-,A/Zhejiang/88/2009,04/17/2012,
M1,CY095995,No,7,982,H1N1,10/12/2009,IRD:Human,China,-N/A-,-N/A-,A/Zhejiang/91/2009,04/16/2012,
M1,CY096033,No,7,982,H1N1,10/12/2009,IRD:Human,China,-N/A-,-N/A-,A/Zhejiang/97/2009,04/17/2012,
M1,CY095724,Yes,7,982,H1N1,07/09/2009,IRD:Human,China,-N/A-,-N/A-,A/Zhejiang/X1/2009,04/17/2012,
